Date,Time,Latitude,Longitude,Depth,Magnitude,Location
31 July 2020,11:28 PM,05.58,126.23,033,2.7,076km S 64Â° E of Jose Abad Santos (Davao Occidental)
31 July 2020,11:09 PM,08.51,126.81,023,2.2,055km N 73Â° E of Hinatuan (Surigao Del Sur)
31 July 2020,11:01 PM,11.42,125.17,083,4.1,019km N 35Â° E of Basey (Samar)
31 July 2020,10:43 PM,08.47,125.87,034,1.7,010km N 78Â° E of Talacogon (Agusan Del Sur)
31 July 2020,10:34 PM,08.51,126.65,003,2.2,038km N 66Â° E of Hinatuan (Surigao Del Sur)
31 July 2020,10:30 PM,09.93,126.03,018,2.7,006km S 87Â° W of San Isidro (Surigao Del Norte)
31 July 2020,10:03 PM,08.45,126.69,010,3.3,040km N 77Â° E of Hinatuan (Surigao Del Sur)
31 July 2020,10:00 PM,08.45,126.91,015,3.5,064km N 82Â° E of Hinatuan (Surigao Del Sur)
31 July 2020,09:36 PM,08.47,126.79,022,2.4,052km N 77Â° E of Hinatuan (Surigao Del Sur)
31 July 2020,09:26 PM,08.38,126.60,027,1.7,030km N 87Â° E of Hinatuan (Surigao Del Sur)
31 July 2020,09:25 PM,08.44,126.71,018,2.0,042km N 80Â° E of Hinatuan (Surigao Del Sur)
31 July 2020,09:17 PM,08.42,126.81,026,2.2,052km N 84Â° E of Hinatuan (Surigao Del Sur)
31 July 2020,09:12 PM,08.33,126.65,026,2.6,035km S 82Â° E of Hinatuan (Surigao Del Sur)
31 July 2020,08:47 PM,08.43,126.53,035,2.3,022km N 73Â° E of Hinatuan (Surigao Del Sur)
31 July 2020,08:40 PM,08.44,126.63,011,2.3,033km N 76Â° E of Hinatuan (Surigao Del Sur)
31 July 2020,08:15 PM,08.42,126.47,032,2.3,016km N 69Â° E of Hinatuan (Surigao Del Sur)
31 July 2020,08:00 PM,08.43,126.56,033,1.8,025km N 75Â° E of Hinatuan (Surigao Del Sur)
31 July 2020,07:58 PM,08.45,126.70,012,2.3,041km N 77Â° E of Hinatuan (Surigao Del Sur)
31 July 2020,06:23 PM,08.46,126.66,009,2.8,037km N 75Â° E of Hinatuan (Surigao Del Sur)
31 July 2020,05:28 PM,08.46,126.71,015,2.6,042km N 77Â° E of Hinatuan (Surigao Del Sur)
31 July 2020,04:31 PM,08.47,126.59,012,2.8,030km N 69Â° E of Hinatuan (Surigao Del Sur)
31 July 2020,04:14 PM,08.51,126.72,006,2.8,045km N 69Â° E of Hinatuan (Surigao Del Sur)
31 July 2020,03:57 PM,08.46,126.63,005,2.9,034km N 73Â° E of Hinatuan (Surigao Del Sur)
31 July 2020,03:43 PM,08.49,126.65,008,2.7,037km N 69Â° E of Hinatuan (Surigao Del Sur)
31 July 2020,03:33 PM,15.59,120.00,065,1.8,008km N 39Â° E of Masinloc (Zambales)
31 July 2020,03:17 PM,08.44,126.74,009,2.0,045km N 80Â° E of Hinatuan (Surigao Del Sur)
31 July 2020,03:15 PM,08.42,126.76,017,2.8,047km N 83Â° E of Hinatuan (Surigao Del Sur)
31 July 2020,03:07 PM,08.35,126.57,024,2.7,026km S 86Â° E of Hinatuan (Surigao Del Sur)
31 July 2020,03:06 PM,04.87,124.42,033,3.3,126km S 10Â° W of Kiamba (Sarangani)
31 July 2020,02:06 PM,08.51,126.84,019,5.7,057km N 74Â° E of Hinatuan (Surigao Del Sur)
31 July 2020,01:23 PM,13.07,123.99,031,1.6,011km N 08Â° W of Sorsogon (Sorsogon)
31 July 2020,01:17 PM,08.53,126.66,019,2.3,040km N 63Â° E of Hinatuan (Surigao Del Sur)
31 July 2020,12:51 PM,06.60,124.93,036,2.2,014km N 42Â° E of Koronadal City (South Cotabato)
31 July 2020,12:20 PM,08.93,123.15,020,2.4,046km N 09Â° E of Manukan (Zamboanga Del Norte)
31 July 2020,12:13 PM,09.79,122.51,030,2.1,011km N 75Â° E of Sipalay City (Negros Occidental)
31 July 2020,11:36 AM,13.58,120.37,033,2.1,021km S 40Â° E of Looc (Occidental Mindoro)
31 July 2020,11:34 AM,09.29,126.96,005,2.3,083km N 65Â° E of Bayabas (Surigao Del Sur)
31 July 2020,10:11 AM,08.92,126.28,034,2.0,003km N 89Â° W of Cagwait (Surigao Del Sur)
31 July 2020,08:13 AM,16.85,121.12,001,2.6,004km N 50Â° E of Lagawe (Ifugao)
31 July 2020,06:24 AM,14.00,120.47,063,2.0,019km S 60Â° W of Nasugbu (Batangas)
31 July 2020,06:00 AM,15.51,122.58,033,2.2,097km S 29Â° E of Casiguran (Aurora)
31 July 2020,05:58 AM,05.96,126.24,104,3.5,070km N 84Â° E of Jose Abad Santos (Davao Occidental)
31 July 2020,05:45 AM,10.27,125.44,048,2.3,013km N 50Â° W of Libjo (Albor) (Dinagat Islands)
31 July 2020,05:36 AM,06.34,126.90,034,3.0,093km S 33Â° E of Tarragona (Davao Oriental)
31 July 2020,05:35 AM,07.18,126.89,020,2.2,039km S 85Â° E of Manay (Davao Oriental)
31 July 2020,04:38 AM,08.74,126.77,007,2.7,052km S 83Â° E of Marihatag (Surigao Del Sur)
31 July 2020,04:15 AM,09.93,124.31,034,2.0,006km N 49Â° E of Dagohoy (Bohol)
31 July 2020,02:42 AM,07.95,127.17,018,2.7,079km N 58Â° E of Baganga (Davao Oriental)
31 July 2020,01:58 AM,09.92,125.95,099,3.0,018km S 51Â° W of Burgos (Surigao Del Norte)
31 July 2020,01:28 AM,03.86,126.50,013,3.8,208km S 33Â° E of Sarangani (Davao Occidental)
31 July 2020,01:23 AM,18.75,120.89,012,3.2,022km N 28Â° E of Pagudpud (Ilocos Norte)
31 July 2020,12:47 AM,03.20,126.90,050,4.2,294km S 33Â° E of Sarangani (Davao Occidental)
31 July 2020,12:27 AM,06.43,125.82,166,3.9,024km N 87Â° E of Malita (Davao Occidental)
30 July 2020,11:29 PM,09.21,126.45,026,2.2,030km S 75Â° E of Cortes (Surigao Del Sur)
30 July 2020,10:55 PM,09.10,125.92,016,2.4,018km S 35Â° W of Carmen (Surigao Del Sur)
30 July 2020,10:38 PM,13.92,120.40,061,2.3,027km N 69Â° W of Calatagan (Batangas)
30 July 2020,10:23 PM,14.14,120.39,113,2.4,026km N 75Â° W of Nasugbu (Batangas)
30 July 2020,09:59 PM,09.99,126.10,035,1.9,004km S 51Â° E of Burgos (Surigao Del Norte)
30 July 2020,09:56 PM,06.11,125.71,132,2.4,010km S 12Â° E of Don Marcelino (Davao Occidental)
30 July 2020,09:53 PM,05.64,126.70,120,2.5,131km S 32Â° E of Governor Generoso (Davao Oriental)
30 July 2020,09:45 PM,08.78,126.25,017,2.2,006km S 66Â° W of Marihatag (Surigao Del Sur)
30 July 2020,06:12 PM,13.38,120.55,010,2.7,009km S 68Â° E of Paluan (Occidental Mindoro)
30 July 2020,06:00 PM,13.63,120.34,050,2.4,014km S 42Â° E of Looc (Occidental Mindoro)
30 July 2020,05:24 PM,10.01,125.80,012,2.3,017km N 54Â° W of Cagdiano (Dinagat Islands)
30 July 2020,04:47 PM,17.00,121.41,033,2.5,005km N 41Â° E of Aguinaldo (Ifugao)
30 July 2020,04:30 PM,07.20,126.63,008,3.2,010km S 81Â° E of Manay (Davao Oriental)
30 July 2020,04:14 PM,10.26,125.18,003,3.3,002km S 56Â° E of Cabalian (San Juan) (Southern Leyte)
30 July 2020,04:01 PM,08.92,126.15,023,2.7,013km S 74Â° E of San Miguel (Surigao Del Sur)
30 July 2020,01:59 PM,10.04,126.07,019,2.5,002km N 18Â° W of Burgos (Surigao Del Norte)
30 July 2020,01:56 PM,09.99,126.10,034,2.0,005km S 41Â° E of Burgos (Surigao Del Norte)
30 July 2020,01:17 PM,08.52,122.44,038,4.8,051km N 30Â° W of Liloy (Zamboanga Del Norte)
30 July 2020,12:39 PM,10.78,126.33,001,3.5,072km S 67Â° E of Guiuan (Eastern Samar)
30 July 2020,12:09 PM,08.97,126.20,045,3.8,007km S 32Â° W of Tago (Surigao Del Sur)
30 July 2020,11:58 AM,09.63,126.25,033,2.6,020km S 30Â° E of General Luna (Surigao Del Norte)
30 July 2020,10:52 AM,06.57,126.88,001,2.5,071km S 42Â° E of Tarragona (Davao Oriental)
30 July 2020,10:20 AM,17.70,120.29,020,2.2,014km N 84Â° W of Magsingal (Ilocos Sur)
30 July 2020,09:23 AM,09.48,123.18,020,2.5,004km S 28Â° E of Tanjay City (Negros Oriental)
30 July 2020,09:15 AM,05.97,126.75,026,3.0,106km S 45Â° E of Governor Generoso (Davao Oriental)
30 July 2020,09:08 AM,10.15,124.17,009,3.0,001km N 67Â° E of Jetafe (Bohol)
30 July 2020,08:21 AM,13.96,120.49,151,2.8,021km N 48Â° W of Calatagan (Batangas)
30 July 2020,07:37 AM,06.45,125.00,034,2.1,012km S 27Â° E of Lutayan (Sultan Kudarat)
30 July 2020,06:02 AM,09.77,124.69,001,2.2,013km N 79Â° E of Anda (Bohol)
30 July 2020,05:06 AM,05.94,126.31,103,2.6,074km S 67Â° E of Don Marcelino (Davao Occidental)
30 July 2020,04:09 AM,06.48,126.17,008,3.0,022km S 29Â° E of Governor Generoso (Davao Oriental)
30 July 2020,03:38 AM,07.74,122.04,023,3.3,009km N 70Â° W of Siocon (Zamboanga Del Norte)
30 July 2020,03:36 AM,09.98,126.11,024,2.4,006km S 46Â° E of Burgos (Surigao Del Norte)
30 July 2020,03:16 AM,09.54,124.36,025,2.4,011km S 41Â° E of Garcia Hernandez (Bohol)
30 July 2020,03:00 AM,12.80,125.84,027,4.5,078km N 28Â° E of San Policarpo (Eastern Samar)
30 July 2020,02:23 AM,12.51,125.95,053,2.2,016km S 30Â° E of San Policarpo (Eastern Samar)
30 July 2020,01:41 AM,08.36,126.85,016,2.4,057km S 89Â° E of Hinatuan (Surigao Del Sur)
30 July 2020,01:27 AM,05.67,126.40,122,2.8,090km S 75Â° E of Jose Abad Santos (Davao Occidental)
30 July 2020,12:54 AM,19.47,120.04,015,2.5,144km N 38Â° W of Pagudpud (Ilocos Norte)
30 July 2020,12:53 AM,06.36,125.09,029,2.4,016km N 80Â° E of Tupi (South Cotabato)
30 July 2020,12:34 AM,06.48,125.23,022,3.3,019km S 06Â° E of Kiblawan (Davao Del Sur)
30 July 2020,12:08 AM,09.53,123.61,039,1.9,023km S 30Â° E of Alcoy (Cebu)
30 July 2020,12:06 AM,15.37,121.93,001,2.4,058km N 04Â° W of Burdeos (Quezon)
29 July 2020,09:00 PM,13.43,120.63,099,2.8,011km S 79Â° W of Abra De Ilog (Occidental Mindoro)
29 July 2020,07:57 PM,09.84,122.28,010,2.2,017km N 58Â° W of Sipalay City (Negros Occidental)
29 July 2020,06:21 PM,11.80,125.51,045,2.3,008km N 50Â° E of San Julian (Eastern Samar)
29 July 2020,04:35 PM,13.44,120.27,013,2.5,032km S 04Â° E of Looc (Occidental Mindoro)
29 July 2020,03:42 PM,13.37,120.24,011,2.2,039km S 01Â° W of Looc (Occidental Mindoro)
29 July 2020,03:11 PM,12.43,124.60,075,2.3,009km S 27Â° W of Catarman (Northern Samar)
29 July 2020,01:53 PM,09.06,125.68,001,2.2,010km N 86Â° E of Remedios Romualdez (Agusan Del Norte)
29 July 2020,11:14 AM,13.49,121.06,024,2.3,011km S 83Â° E of Puerto Galera (Oriental Mindoro)
29 July 2020,09:30 AM,14.03,120.05,039,2.6,021km N 20Â° W of Lubang (Occidental Mindoro)
29 July 2020,08:39 AM,09.02,126.36,025,2.8,010km N 58Â° E of Bayabas (Surigao Del Sur)
29 July 2020,06:09 AM,13.74,120.20,015,1.9,006km N 72Â° W of Looc (Occidental Mindoro)
29 July 2020,04:39 AM,14.99,121.78,006,1.8,025km N 51Â° W of Burdeos (Quezon)
29 July 2020,04:21 AM,13.80,120.49,075,2.3,016km S 77Â° W of Calatagan (Batangas)
29 July 2020,03:22 AM,09.08,122.92,024,2.2,013km N 82Â° W of Siaton (Negros Oriental)
29 July 2020,03:03 AM,14.91,118.95,035,2.2,118km S 60Â° W of Palauig (Zambales)
29 July 2020,02:34 AM,11.37,125.43,029,4.1,017km S 27Â° W of Maydolong (Eastern Samar)
29 July 2020,02:30 AM,08.51,125.76,006,2.1,007km N 23Â° W of Talacogon (Agusan Del Sur)
29 July 2020,12:26 AM,13.93,120.38,056,1.8,029km N 68Â° W of Calatagan (Batangas)
28 July 2020,10:43 PM,08.56,125.52,027,2.1,020km S 49Â° W of Esperanza (Agusan Del Sur)
28 July 2020,09:35 PM,13.62,120.83,015,1.8,006km S 42Â° W of Tingloy (Batangas)
28 July 2020,09:23 PM,08.98,126.36,026,2.4,008km N 85Â° E of Bayabas (Surigao Del Sur)
28 July 2020,07:27 PM,05.53,126.34,114,3.9,089km S 64Â° E of Jose Abad Santos (Davao Occidental)
28 July 2020,05:59 PM,17.55,120.20,029,2.0,017km S 77Â° W of Santa Catalina (Ilocos Sur)
28 July 2020,05:39 PM,05.95,126.08,030,3.6,052km N 82Â° E of Jose Abad Santos (Davao Occidental)
28 July 2020,05:35 PM,08.93,126.49,028,2.6,024km S 80Â° E of Bayabas (Surigao Del Sur)
28 July 2020,05:31 PM,13.69,120.18,018,2.0,009km S 63Â° W of Looc (Occidental Mindoro)
28 July 2020,05:28 PM,07.09,126.70,124,2.5,023km S 52Â° E of Manay (Davao Oriental)
28 July 2020,04:28 PM,07.98,125.78,030,2.3,023km N 13Â° W of Laak (San Vicente) (Davao De Oro)
28 July 2020,02:30 PM,10.24,126.06,015,3.0,025km N 04Â° W of Burgos (Surigao Del Norte)
28 July 2020,10:02 AM,15.19,121.91,012,2.0,030km N 24Â° E of Panukulan (Quezon)
28 July 2020,09:56 AM,04.42,126.45,098,3.5,156km S 44Â° E of Sarangani (Davao Occidental)
28 July 2020,09:17 AM,10.12,125.20,022,2.1,019km S 21Â° W of Anahawan (Southern Leyte)
28 July 2020,09:07 AM,15.75,121.92,001,2.2,039km S 89Â° E of Baler (Aurora)
28 July 2020,08:03 AM,13.62,123.28,020,2.6,008km N 09Â° E of Pili (Camarines Sur)
28 July 2020,07:50 AM,13.11,123.94,014,3.1,008km S 81Â° E of Manito (Albay)
28 July 2020,06:16 AM,13.97,123.33,001,3.6,010km S 71Â° E of Siruma (Camarines Sur)
28 July 2020,05:57 AM,21.61,122.42,033,3.2,108km N 34Â° E of Itbayat (Batanes)
28 July 2020,04:53 AM,08.91,126.39,029,3.5,014km S 61Â° E of Bayabas (Surigao Del Sur)
28 July 2020,04:45 AM,14.30,120.37,100,2.6,020km S 37Â° W of Mariveles (Bataan)
28 July 2020,04:45 AM,08.89,126.44,029,3.6,019km S 64Â° E of Bayabas (Surigao Del Sur)
28 July 2020,04:41 AM,08.93,126.50,026,3.5,024km S 80Â° E of Bayabas (Surigao Del Sur)
28 July 2020,04:36 AM,06.14,126.96,029,3.1,112km S 60Â° E of Governor Generoso (Davao Oriental)
28 July 2020,04:32 AM,09.02,126.24,072,1.6,008km N 41Â° W of Bayabas (Surigao Del Sur)
28 July 2020,04:21 AM,06.63,125.15,013,2.8,008km S 69Â° W of Kiblawan (Davao Del Sur)
28 July 2020,04:08 AM,13.64,120.60,082,2.2,022km S 08Â° W of Calatagan (Batangas)
28 July 2020,04:05 AM,04.80,124.26,110,4.6,138km S 17Â° W of Kiamba (Sarangani)
28 July 2020,03:43 AM,08.97,126.34,026,1.8,006km N 87Â° E of Bayabas (Surigao Del Sur)
28 July 2020,02:53 AM,08.96,126.52,026,1.8,026km S 88Â° E of Bayabas (Surigao Del Sur)
28 July 2020,02:24 AM,13.70,120.59,100,1.8,015km S 19Â° W of Calatagan (Batangas)
28 July 2020,02:24 AM,08.91,126.45,015,2.1,020km S 70Â° E of Bayabas (Surigao Del Sur)
28 July 2020,02:23 AM,08.85,126.53,020,1.7,031km S 65Â° E of Bayabas (Surigao Del Sur)
28 July 2020,02:05 AM,08.93,126.44,025,2.1,018km S 74Â° E of Bayabas (Surigao Del Sur)
28 July 2020,01:32 AM,08.89,126.57,045,5.8,021km S 61Â° E of Bayabas (Surigao Del Sur)
28 July 2020,01:26 AM,06.78,127.24,024,2.8,091km S 58Â° E of Manay (Davao Oriental)
28 July 2020,12:44 AM,12.59,125.42,005,2.5,022km N 54Â° E of Mapanas (Northern Samar)
28 July 2020,12:36 AM,11.32,123.63,008,2.8,011km N 79Â° W of Madridejos (Cebu)
28 July 2020,12:14 AM,05.80,126.35,120,2.6,082km S 83Â° E of Jose Abad Santos (Davao Occidental)
27 July 2020,11:22 PM,10.18,125.94,025,2.1,023km N 40Â° W of Burgos (Surigao Del Norte)
27 July 2020,11:17 PM,10.31,126.09,006,3.4,032km N 03Â° E of Burgos (Surigao Del Norte)
27 July 2020,10:58 PM,05.13,126.06,081,3.3,073km S 63Â° E of Sarangani (Davao Occidental)
27 July 2020,10:54 PM,09.66,122.84,032,1.8,036km S 05Â° E of Kabankalan City (Negros Occidental)
27 July 2020,10:53 PM,09.93,124.33,030,2.1,012km S 79Â° E of Danao (Bohol)
27 July 2020,09:46 PM,10.07,124.23,029,2.0,013km S 87Â° E of Buenavista (Bohol)
27 July 2020,08:55 PM,09.36,126.38,042,1.9,022km N 66Â° E of Cortes (Surigao Del Sur)
27 July 2020,08:40 PM,13.10,125.11,110,3.1,061km N 01Â° W of Palapag (Northern Samar)
27 July 2020,08:39 PM,15.06,120.12,001,2.0,006km S 85Â° E of San Felipe (Zambales)
27 July 2020,08:25 PM,18.26,120.79,012,2.7,010km N 52Â° W of Carasi (Ilocos Norte)
27 July 2020,06:47 PM,12.41,126.38,040,2.6,098km N 75Â° E of San Policarpo (Eastern Samar)
27 July 2020,05:41 PM,14.22,123.11,001,3.0,020km N 53Â° E of Daet (Camarines Norte)
27 July 2020,05:15 PM,06.42,125.98,018,2.3,027km S 23Â° W of Governor Generoso (Davao Oriental)
27 July 2020,01:02 PM,06.76,124.95,003,2.2,005km S 04Â° E of Columbio (Sultan Kudarat)
27 July 2020,10:48 AM,17.23,120.38,055,1.9,008km N 65Â° W of Candon City (Ilocos Sur)
27 July 2020,09:21 AM,14.99,119.94,032,2.1,016km N 76Â° W of San Antonio (Zambales)
27 July 2020,07:21 AM,13.36,120.35,003,2.6,014km S 63Â° W of Paluan (Occidental Mindoro)
27 July 2020,06:53 AM,13.56,120.27,014,2.5,018km S 06Â° E of Looc (Occidental Mindoro)
27 July 2020,06:30 AM,13.38,120.20,015,3.0,029km S 82Â° W of Paluan (Occidental Mindoro)
27 July 2020,06:14 AM,09.20,126.27,020,2.8,015km N 34Â° E of Tandag City (Surigao Del Sur)
27 July 2020,05:54 AM,06.48,126.48,033,3.1,049km S 67Â° E of Governor Generoso (Davao Oriental)
27 July 2020,05:29 AM,13.63,120.23,007,2.5,010km S 11Â° W of Looc (Occidental Mindoro)
27 July 2020,05:06 AM,13.64,120.33,001,2.7,013km S 40Â° E of Looc (Occidental Mindoro)
27 July 2020,05:03 AM,13.60,120.31,009,3.4,015km S 26Â° E of Looc (Occidental Mindoro)
27 July 2020,04:55 AM,06.16,126.20,073,3.9,056km S 14Â° E of Governor Generoso (Davao Oriental)
27 July 2020,04:46 AM,07.94,126.29,006,3.0,018km S 51Â° W of Lingig (Surigao Del Sur)
27 July 2020,04:43 AM,13.61,120.23,009,3.1,013km S 08Â° W of Looc (Occidental Mindoro)
27 July 2020,04:42 AM,13.55,120.31,003,2.5,023km N 48Â° W of Paluan (Occidental Mindoro)
27 July 2020,04:39 AM,13.60,120.26,001,3.7,014km S 03Â° E of Looc (Occidental Mindoro)
27 July 2020,04:29 AM,06.78,125.00,004,2.3,007km S 65Â° E of Columbio (Sultan Kudarat)
27 July 2020,03:58 AM,13.35,120.22,013,2.9,028km S 74Â° W of Paluan (Occidental Mindoro)
27 July 2020,03:57 AM,13.39,120.33,002,1.9,015km S 81Â° W of Paluan (Occidental Mindoro)
27 July 2020,03:48 AM,13.93,120.43,085,2.8,024km N 64Â° W of Calatagan (Batangas)
27 July 2020,03:45 AM,08.07,126.69,035,2.1,031km N 83Â° E of Lingig (Surigao Del Sur)
27 July 2020,03:28 AM,06.66,124.66,033,2.3,008km N 70Â° E of Isulan (Sultan Kudarat)
27 July 2020,03:26 AM,17.36,120.41,028,2.2,005km N 41Â° W of San Esteban (Ilocos Sur)
27 July 2020,03:24 AM,16.34,122.30,018,2.5,011km S 58Â° E of Dilasag (Aurora)
27 July 2020,03:21 AM,16.36,122.22,019,3.0,004km S 12Â° E of Dilasag (Aurora)
27 July 2020,03:06 AM,16.26,120.29,080,2.0,011km S 52Â° W of Agoo (La Union)
27 July 2020,02:35 AM,10.19,126.50,001,3.6,051km N 68Â° E of Burgos (Surigao Del Norte)
27 July 2020,02:27 AM,06.45,126.65,029,3.1,067km S 70Â° E of Governor Generoso (Davao Oriental)
27 July 2020,02:27 AM,08.96,122.66,005,2.4,043km S 74Â° W of Siaton (Negros Oriental)
27 July 2020,02:01 AM,09.07,126.20,033,2.1,014km N 38Â° W of Bayabas (Surigao Del Sur)
27 July 2020,01:43 AM,08.20,127.08,017,2.4,076km N 76Â° E of Lingig (Surigao Del Sur)
27 July 2020,01:31 AM,07.63,125.74,027,2.0,010km N 18Â° W of Asuncion (Saug) (Davao Del Norte)
27 July 2020,01:17 AM,13.91,120.60,087,2.0,010km N 24Â° W of Calatagan (Batangas)
27 July 2020,01:10 AM,06.81,124.96,018,2.6,002km N 81Â° E of Columbio (Sultan Kudarat)
27 July 2020,01:09 AM,05.56,126.55,022,2.2,109km S 71Â° E of Jose Abad Santos (Davao Occidental)
27 July 2020,01:03 AM,08.40,124.39,021,3.8,011km S 83Â° E of Manticao (Misamis Oriental)
27 July 2020,12:47 AM,12.61,125.43,010,3.6,024km N 51Â° E of Mapanas (Northern Samar)
27 July 2020,12:42 AM,15.70,119.95,019,3.2,009km S 30Â° E of Santa Cruz (Zambales)
27 July 2020,12:34 AM,08.92,123.99,010,2.7,045km N 43Â° E of Plaridel (Misamis Occidental)
27 July 2020,12:18 AM,13.42,119.97,023,2.9,046km S 42Â° W of Looc (Occidental Mindoro)
27 July 2020,12:04 AM,19.60,123.07,032,3.0,144km S 55Â° E of Uyugan (Batanes)
26 July 2020,11:17 PM,09.63,126.67,008,2.4,059km S 73Â° E of General Luna (Surigao Del Norte)
26 July 2020,10:52 PM,15.40,119.86,063,3.9,006km S 56Â° W of Palauig (Zambales)
26 July 2020,10:27 PM,13.71,120.64,183,2.4,013km S 05Â° E of Calatagan (Batangas)
26 July 2020,09:57 PM,13.78,120.54,112,2.0,012km S 60Â° W of Calatagan (Batangas)
26 July 2020,09:17 PM,09.75,123.50,033,1.8,004km N 13Â° W of Alcoy (Cebu)
26 July 2020,08:30 PM,07.20,126.61,021,3.3,008km S 84Â° E of Manay (Davao Oriental)
26 July 2020,08:23 PM,14.28,121.29,033,1.9,009km N 62Â° W of Pila (Laguna)
26 July 2020,07:48 PM,09.75,126.28,031,2.4,014km S 74Â° E of General Luna (Surigao Del Norte)
26 July 2020,07:48 PM,09.59,123.61,033,2.3,017km S 41Â° E of Alcoy (Cebu)
26 July 2020,06:47 PM,13.60,121.29,022,2.1,010km S 58Â° E of Lobo (Batangas)
26 July 2020,06:08 PM,07.59,124.67,001,2.7,011km S 54Â° W of Wao (Lanao Del Sur)
26 July 2020,05:36 PM,06.11,127.11,057,2.7,129km S 62Â° E of Governor Generoso (Davao Oriental)
26 July 2020,03:23 PM,09.10,126.53,010,3.4,032km N 51Â° E of Cagwait (Surigao Del Sur)
26 July 2020,12:52 PM,13.77,120.23,009,2.5,006km N 18Â° W of Looc (Occidental Mindoro)
26 July 2020,12:10 PM,13.06,120.30,008,2.1,043km S 25Â° W of Paluan (Occidental Mindoro)
26 July 2020,12:03 PM,14.12,120.42,085,2.0,039km N 37Â° W of Calatagan (Batangas)
26 July 2020,11:12 AM,06.35,126.93,063,5.6,105km S 24Â° E of Manay (Davao Oriental)
26 July 2020,10:48 AM,06.87,124.83,006,2.2,002km N 08Â° W of Tulunan (Cotabato)
26 July 2020,10:32 AM,09.28,125.53,015,1.9,003km N 73Â° W of Santiago (Agusan Del Norte)
26 July 2020,09:49 AM,09.35,123.24,042,2.0,005km S 78Â° W of Sibulan (Negros Oriental)
26 July 2020,09:11 AM,12.84,124.66,028,2.3,037km N 16Â° W of Mondragon (Northern Samar)
26 July 2020,09:10 AM,08.29,126.65,072,2.2,036km S 76Â° E of Hinatuan (Surigao Del Sur)
26 July 2020,08:25 AM,09.30,126.17,038,2.1,004km N 43Â° W of Cortes (Surigao Del Sur)
26 July 2020,07:32 AM,14.15,120.39,078,2.6,026km N 74Â° W of Nasugbu (Batangas)
26 July 2020,06:35 AM,16.19,120.89,062,2.3,007km N 60Â° W of Santa Fe (Nueva Vizcaya)
26 July 2020,05:59 AM,13.69,120.94,028,2.1,007km S 03Â° E of Mabini (Batangas)
26 July 2020,05:36 AM,07.24,125.88,085,2.4,008km S 18Â° E of Mabini (DoÃ±a Alicia) (Davao De Oro)
26 July 2020,05:06 AM,12.84,124.65,010,2.9,036km N 60Â° E of Biri (Northern Samar)
26 July 2020,03:41 AM,14.02,120.52,118,2.3,014km S 58Â° W of Nasugbu (Batangas)
26 July 2020,01:36 AM,05.83,126.25,104,3.3,071km S 85Â° E of Jose Abad Santos (Davao Occidental)
26 July 2020,01:21 AM,14.84,122.55,011,2.0,024km N 54Â° E of Jomalig (Quezon)
26 July 2020,01:16 AM,13.70,120.62,113,2.4,014km S 08Â° W of Calatagan (Batangas)
26 July 2020,12:32 AM,16.31,122.32,008,3.1,015km S 50Â° E of Dilasag (Aurora)
25 July 2020,11:55 PM,13.37,122.96,018,1.9,026km N 05Â° W of San Pascual (Masbate)
25 July 2020,11:45 PM,12.23,121.12,031,2.3,015km S 23Â° E of San Jose (Occidental Mindoro)
25 July 2020,11:44 PM,15.53,119.44,015,2.8,051km N 78Â° W of Palauig (Zambales)
25 July 2020,08:52 PM,13.85,119.75,007,2.8,040km S 89Â° W of Lubang (Occidental Mindoro)
25 July 2020,07:31 PM,08.82,126.33,026,2.5,005km N 55Â° E of Marihatag (Surigao Del Sur)
25 July 2020,07:15 PM,13.85,120.57,078,2.2,007km N 75Â° W of Calatagan (Batangas)
25 July 2020,03:13 PM,10.07,122.25,025,2.0,038km N 28Â° W of Sipalay City (Negros Occidental)
25 July 2020,01:10 PM,04.22,126.49,014,3.6,175km S 40Â° E of Sarangani (Davao Occidental)
25 July 2020,12:05 PM,16.26,119.70,018,3.1,019km N 35Â° W of Agno (Pangasinan)
25 July 2020,11:03 AM,04.87,124.84,504,3.9,094km S 48Â° W of Sarangani (Davao Occidental)
25 July 2020,10:14 AM,09.96,124.67,009,2.0,020km N 58Â° E of Mabini (Bohol)
25 July 2020,07:11 AM,14.17,120.35,114,3.0,031km N 71Â° W of Nasugbu (Batangas)
25 July 2020,06:49 AM,17.27,119.80,030,3.0,069km S 88Â° W of Santiago (Ilocos Sur)
25 July 2020,03:35 AM,06.52,125.09,029,2.7,016km S 76Â° E of Lutayan (Sultan Kudarat)
25 July 2020,03:03 AM,17.43,121.37,020,2.4,009km S 85Â° W of Tabuk (Kalinga)
25 July 2020,01:41 AM,08.91,126.02,033,2.5,005km S 20Â° W of San Miguel (Surigao Del Sur)
25 July 2020,01:27 AM,16.21,122.20,005,2.0,011km S 48Â° E of Casiguran (Aurora)
25 July 2020,12:44 AM,15.47,122.47,026,1.5,083km N 19Â° E of Patnanungan (Quezon)
25 July 2020,12:36 AM,09.29,123.19,003,2.4,009km N 88Â° W of Luzurriaga (Valencia) (Negros Oriental)
25 July 2020,12:19 AM,12.91,124.86,006,2.6,039km N 10Â° W of Pambujan (Northern Samar)
25 July 2020,12:09 AM,16.22,122.31,007,2.4,020km S 72Â° E of Casiguran (Aurora)
24 July 2020,11:43 PM,16.39,120.26,033,2.2,010km S 87Â° W of Aringay (La Union)
24 July 2020,11:41 PM,12.74,125.67,058,2.7,054km N 57Â° E of Mapanas (Northern Samar)
24 July 2020,11:27 PM,16.39,122.22,013,2.1,001km N 82Â° E of Dilasag (Aurora)
24 July 2020,11:23 PM,06.77,125.07,005,2.6,014km S 72Â° E of Columbio (Sultan Kudarat)
24 July 2020,11:04 PM,17.89,120.70,028,2.3,004km S 20Â° E of Nueva Era (Ilocos Norte)
24 July 2020,10:50 PM,16.51,120.12,020,2.1,024km S 60Â° W of San Fernando(Capital) (La Union)
24 July 2020,09:08 PM,15.33,122.30,002,2.8,063km N 08Â° E of Patnanungan (Quezon)
24 July 2020,09:03 PM,15.68,121.67,031,2.1,014km S 52Â° E of Baler (Aurora)
24 July 2020,08:46 PM,03.99,122.85,600,4.8,274km S 23Â° E of Banguingui (Tongkil) (Sulu)
24 July 2020,08:26 PM,13.54,120.36,034,2.2,018km N 40Â° W of Paluan (Occidental Mindoro)
24 July 2020,06:54 PM,07.30,125.89,021,2.9,014km S 45Â° E of Tagum  City (Davao Del Norte)
24 July 2020,02:54 PM,04.80,127.73,019,3.2,260km S 74Â° E of Sarangani (Davao Occidental)
24 July 2020,01:08 PM,20.89,122.05,001,2.8,024km N 65Â° E of Itbayat (Batanes)
24 July 2020,01:04 PM,17.86,120.35,019,3.2,012km S 86Â° W of Sinait (Ilocos Sur)
24 July 2020,12:36 PM,08.65,126.82,011,2.6,060km S 74Â° E of Marihatag (Surigao Del Sur)
24 July 2020,12:29 PM,06.46,125.90,028,2.6,029km S 43Â° W of Governor Generoso (Davao Oriental)
24 July 2020,11:56 AM,08.30,127.42,026,3.8,115km N 76Â° E of Lingig (Surigao Del Sur)
24 July 2020,11:53 AM,18.71,121.68,024,2.5,037km N 28Â° E of Ballesteros (Cagayan)
24 July 2020,10:44 AM,06.67,124.75,028,3.1,018km N 78Â° E of Isulan (Sultan Kudarat)
24 July 2020,10:04 AM,13.22,125.34,010,3.8,081km N 26Â° E of Laoang (Northern Samar)
24 July 2020,09:48 AM,09.53,126.55,023,2.7,048km N 55Â° E of Cortes (Surigao Del Sur)
24 July 2020,08:53 AM,11.00,124.74,001,3.6,010km N 30Â° E of Albuera (Leyte)
24 July 2020,08:46 AM,09.88,122.25,079,2.2,022km N 52Â° W of Sipalay City (Negros Occidental)
24 July 2020,06:39 AM,17.08,120.55,006,2.1,005km N 49Â° W of Sigay (Ilocos Sur)
24 July 2020,06:38 AM,17.12,120.58,010,2.2,008km NorthÂ° 00  of Sigay (Ilocos Sur)
24 July 2020,05:28 AM,12.73,125.66,031,3.1,052km N 57Â° E of Mapanas (Northern Samar)
24 July 2020,04:54 AM,08.75,125.83,033,1.7,022km N 28Â° W of Prosperidad (Agusan Del Sur)
24 July 2020,04:13 AM,06.56,125.24,008,2.0,010km S 14Â° E of Kiblawan (Davao Del Sur)
24 July 2020,03:57 AM,15.35,123.29,017,3.1,120km N 55Â° E of Jomalig (Quezon)
24 July 2020,03:55 AM,07.16,126.46,003,4.3,010km S 56Â° W of Manay (Davao Oriental)
24 July 2020,03:50 AM,12.70,125.52,006,2.2,038km N 50Â° E of Mapanas (Northern Samar)
24 July 2020,03:49 AM,09.87,124.18,033,1.7,006km N 14Â° W of Carmen (Bohol)
24 July 2020,03:41 AM,08.96,126.03,033,1.9,002km N 11Â° W of San Miguel (Surigao Del Sur)
24 July 2020,03:16 AM,07.38,126.59,124,3.0,006km N 24Â° E of Caraga (Davao Oriental)
24 July 2020,03:06 AM,12.73,125.74,054,4.1,060km N 62Â° E of Mapanas (Northern Samar)
24 July 2020,02:24 AM,09.80,126.23,004,2.2,008km N 77Â° E of General Luna (Surigao Del Norte)
24 July 2020,02:19 AM,07.09,123.71,016,2.4,052km S 39Â° E of Tabina (Zamboanga Del Sur)
24 July 2020,01:37 AM,05.80,127.16,119,2.7,153km S 52Â° E of Governor Generoso (Davao Oriental)
24 July 2020,01:08 AM,13.56,120.99,033,1.8,007km N 32Â° E of Puerto Galera (Oriental Mindoro)
24 July 2020,12:06 AM,09.75,122.51,020,2.6,012km S 84Â° E of Sipalay City (Negros Occidental)
23 July 2020,11:48 PM,18.31,121.33,018,1.8,005km S 61Â° W of Luna (Apayao)
23 July 2020,11:05 PM,06.14,123.77,028,3.4,048km S 79Â° W of Palimbang (Sultan Kudarat)
23 July 2020,10:42 PM,09.64,126.42,008,2.1,033km S 61Â° E of General Luna (Surigao Del Norte)
23 July 2020,10:33 PM,08.90,126.34,027,2.2,004km S 63Â° E of Cagwait (Surigao Del Sur)
23 July 2020,10:28 PM,09.94,126.46,002,2.3,037km N 62Â° E of General Luna (Surigao Del Norte)
23 July 2020,10:17 PM,09.88,126.27,008,3.1,017km N 49Â° E of General Luna (Surigao Del Norte)
23 July 2020,09:47 PM,05.63,126.28,031,3.4,078km S 69Â° E of Jose Abad Santos (Davao Occidental)
23 July 2020,09:08 PM,14.03,120.43,082,1.9,031km N 46Â° W of Calatagan (Batangas)
23 July 2020,09:07 PM,15.20,119.94,051,2.1,013km N 69Â° W of Cabangan (Zambales)
23 July 2020,08:26 PM,10.44,125.08,001,3.1,013km S 42Â° W of Silago (Southern Leyte)
23 July 2020,08:23 PM,13.62,120.65,146,2.4,023km S 06Â° E of Calatagan (Batangas)
23 July 2020,05:41 PM,09.23,126.23,022,2.3,006km S 38Â° E of Cortes (Surigao Del Sur)
23 July 2020,01:44 PM,02.60,126.92,031,3.7,352km S 27Â° E of Sarangani (Davao Occidental)
23 July 2020,01:41 PM,15.21,122.20,024,2.0,047km N 32Â° E of Burdeos (Quezon)
23 July 2020,01:03 PM,12.75,124.70,026,2.5,028km N 15Â° E of Catarman (Northern Samar)
23 July 2020,12:48 PM,07.09,126.02,029,2.8,016km S 60Â° E of Pantukan (Davao De Oro)
23 July 2020,12:41 PM,14.98,119.73,017,3.7,038km S 77Â° W of San Felipe (Zambales)
23 July 2020,12:29 PM,14.27,124.30,000,2.3,029km N 31Â° E of Pandan (Catanduanes)
23 July 2020,09:55 AM,15.14,121.71,004,1.7,024km N 22Â° W of Panukulan (Quezon)
23 July 2020,09:35 AM,08.13,126.21,108,2.4,024km N 66Â° W of Lingig (Surigao Del Sur)
23 July 2020,08:43 AM,16.40,122.35,033,2.0,015km N 87Â° E of Dilasag (Aurora)
23 July 2020,07:41 AM,10.64,126.50,001,3.5,083km N 34Â° E of Burgos (Surigao Del Norte)
23 July 2020,07:28 AM,08.29,125.30,012,3.1,028km N 57Â° E of Malaybalay City (Bukidnon)
23 July 2020,07:23 AM,05.37,127.28,124,2.8,194km S 43Â° E of Governor Generoso (Davao Oriental)
23 July 2020,06:57 AM,09.32,123.18,033,2.1,012km S 71Â° W of Sibulan (Negros Oriental)
23 July 2020,03:16 AM,06.30,126.30,019,3.1,046km S 32Â° E of Governor Generoso (Davao Oriental)
23 July 2020,02:58 AM,05.67,126.33,055,2.3,083km S 74Â° E of Jose Abad Santos (Davao Occidental)
23 July 2020,01:45 AM,05.92,125.31,005,2.2,006km S 26Â° E of Malapatan (Sarangani)
23 July 2020,01:42 AM,05.66,126.20,125,2.1,069km S 69Â° E of Jose Abad Santos (Davao Occidental)
23 July 2020,01:34 AM,04.75,125.43,181,2.9,075km S 03Â° W of Sarangani (Davao Occidental)
23 July 2020,01:04 AM,06.67,127.05,127,2.4,082km S 43Â° E of Manay (Davao Oriental)
23 July 2020,12:20 AM,05.78,125.71,121,4.2,015km S 45Â° E of Jose Abad Santos (Davao Occidental)
22 July 2020,11:26 PM,06.59,126.39,040,3.0,035km S 79Â° E of Governor Generoso (Davao Oriental)
22 July 2020,11:23 PM,05.79,127.00,103,3.8,139km S 47Â° E of Governor Generoso (Davao Oriental)
22 July 2020,10:36 PM,03.83,127.29,068,4.5,269km S 49Â° E of Sarangani (Davao Occidental)
22 July 2020,10:20 PM,07.90,126.61,076,3.1,021km N 56Â° E of Cateel (Davao Oriental)
22 July 2020,10:11 PM,17.78,120.23,029,3.5,023km N 64Â° W of Magsingal (Ilocos Sur)
22 July 2020,09:55 PM,10.45,122.32,030,2.5,024km S 25Â° E of Miagao (Iloilo)
22 July 2020,09:26 PM,13.96,118.96,025,3.1,126km N 85Â° W of Lubang (Occidental Mindoro)
22 July 2020,06:42 PM,09.95,126.19,008,2.5,012km N 81Â° E of San Isidro (Surigao Del Norte)
22 July 2020,11:06 AM,13.83,120.84,007,2.6,009km S 73Â° W of San Luis (Batangas)
22 July 2020,10:22 AM,08.36,124.78,011,2.6,004km N 63Â° E of Libona (Bukidnon)
22 July 2020,09:47 AM,14.00,120.43,085,1.7,023km S 68Â° W of Nasugbu (Batangas)
22 July 2020,09:38 AM,09.33,126.27,033,2.3,010km N 54Â° E of Cortes (Surigao Del Sur)
22 July 2020,09:24 AM,13.82,120.87,014,2.4,006km S 57Â° W of San Luis (Batangas)
22 July 2020,07:20 AM,05.53,125.07,001,3.2,035km S 22Â° W of Glan (Sarangani)
22 July 2020,05:33 AM,02.67,125.42,139,3.8,306km S 01Â° W of Sarangani (Davao Occidental)
22 July 2020,04:49 AM,09.85,123.95,029,2.7,002km S 11Â° E of San Isidro (Bohol)
22 July 2020,04:24 AM,12.53,124.33,035,1.6,001km S 26Â° W of Lavezares (Northern Samar)
22 July 2020,03:48 AM,03.84,126.30,116,3.8,198km S 28Â° E of Sarangani (Davao Occidental)
22 July 2020,03:46 AM,06.10,124.87,020,2.4,024km S 38Â° E of Lake Sebu (South Cotabato)
22 July 2020,12:20 AM,11.78,125.39,036,1.8,008km N 71Â° W of San Julian (Eastern Samar)
21 July 2020,11:57 PM,06.81,125.12,018,2.4,011km N 76Â° W of Bansalan (Davao Del Sur)
21 July 2020,10:46 PM,12.47,125.20,020,2.8,006km S 84Â° W of Mapanas (Northern Samar)
21 July 2020,10:44 PM,06.14,126.64,066,2.9,084km S 48Â° E of Governor Generoso (Davao Oriental)
21 July 2020,08:41 PM,06.08,124.92,013,2.8,022km S 43Â° W of Polomolok (South Cotabato)
21 July 2020,08:32 PM,16.81,120.48,077,2.8,005km S 45Â° W of Sugpon (Ilocos Sur)
21 July 2020,07:56 PM,05.76,126.56,049,2.8,106km S 83Â° E of Jose Abad Santos (Davao Occidental)
21 July 2020,07:51 PM,12.75,125.63,001,3.6,051km N 54Â° E of Mapanas (Northern Samar)
21 July 2020,07:26 PM,12.34,125.56,016,3.1,018km N 19Â° E of San Policarpo (Eastern Samar)
21 July 2020,06:26 PM,08.25,126.59,030,2.2,031km S 65Â° E of Hinatuan (Surigao Del Sur)
21 July 2020,03:27 PM,02.77,126.94,001,4.2,336km S 29Â° E of Sarangani (Davao Occidental)
21 July 2020,02:37 PM,10.58,122.62,016,2.8,010km S 21Â° E of Jordan (Guimaras)
21 July 2020,01:14 PM,08.39,125.80,034,2.2,007km S 17Â° E of Talacogon (Agusan Del Sur)
21 July 2020,12:29 PM,13.92,120.56,083,1.8,013km N 42Â° W of Calatagan (Batangas)
21 July 2020,12:14 PM,07.91,126.29,092,2.0,010km N 68Â° W of Boston (Davao Oriental)
21 July 2020,11:17 AM,12.87,123.43,023,2.7,019km S 81Â° E of Claveria (Masbate)
21 July 2020,09:07 AM,10.03,126.09,027,1.9,002km N 71Â° E of Burgos (Surigao Del Norte)
21 July 2020,08:52 AM,06.60,125.16,021,2.4,008km S 44Â° W of Kiblawan (Davao Del Sur)
21 July 2020,07:48 AM,06.21,126.75,024,2.3,089km S 57Â° E of Governor Generoso (Davao Oriental)
21 July 2020,06:37 AM,06.11,126.57,037,2.9,081km S 43Â° E of Governor Generoso (Davao Oriental)
21 July 2020,05:01 AM,19.09,121.21,008,3.3,034km S 52Â° W of Calayan (Cagayan)
21 July 2020,04:31 AM,08.86,122.60,033,2.5,053km S 64Â° W of Siaton (Negros Oriental)
21 July 2020,04:25 AM,09.23,126.25,036,2.4,029km N 07Â° W of Bayabas (Surigao Del Sur)
21 July 2020,04:25 AM,09.87,122.41,008,2.6,012km N 01Â° E of Sipalay City (Negros Occidental)
21 July 2020,02:52 AM,15.42,121.93,003,1.6,055km S 46Â° E of Baler (Aurora)
21 July 2020,02:26 AM,17.40,121.08,134,2.2,007km N 81Â° W of Pasil (Kalinga)
21 July 2020,02:20 AM,13.19,120.99,001,2.0,029km S 45Â° W of Calapan City (Oriental Mindoro)
21 July 2020,02:13 AM,07.99,125.97,029,2.8,010km S 15Â° E of Veruela (Agusan Del Sur)
21 July 2020,01:43 AM,13.68,120.58,108,2.2,018km S 19Â° W of Calatagan (Batangas)
21 July 2020,01:41 AM,19.78,122.19,022,2.3,070km S 28Â° E of Sabtang (Batanes)
21 July 2020,01:29 AM,06.51,127.13,055,4.8,101km S 40Â° E of Manay (Davao Oriental)
21 July 2020,12:16 AM,07.04,125.38,001,2.8,033km N 74Â° E of Makilala (Cotabato)
21 July 2020,12:13 AM,08.00,126.90,039,2.7,060km N 38Â° E of Baganga (Davao Oriental)
20 July 2020,11:52 PM,10.63,126.16,004,2.6,068km N 08Â° E of Burgos (Surigao Del Norte)
20 July 2020,11:37 PM,13.94,120.04,003,2.0,013km N 42Â° W of Lubang (Occidental Mindoro)
20 July 2020,11:31 PM,10.63,126.10,009,3.4,061km S 42Â° E of Guiuan (Eastern Samar)
20 July 2020,11:03 PM,13.93,119.95,003,2.2,020km N 66Â° W of Lubang (Occidental Mindoro)
20 July 2020,08:23 PM,06.44,125.72,142,4.1,012km N 79Â° E of Malita (Davao Occidental)
20 July 2020,07:35 PM,10.74,123.05,024,1.8,011km S 48Â° E of Silay City (Negros Occidental)
20 July 2020,04:50 PM,13.50,120.64,093,2.0,012km N 60Â° W of Abra De Ilog (Occidental Mindoro)
20 July 2020,01:52 PM,05.35,126.36,087,2.7,099km S 85Â° E of Sarangani (Davao Occidental)
20 July 2020,01:32 PM,06.09,126.19,006,3.9,064km S 11Â° E of Governor Generoso (Davao Oriental)
20 July 2020,11:22 AM,09.31,126.23,032,2.7,006km N 47Â° E of Cortes (Surigao Del Sur)
20 July 2020,09:57 AM,14.00,120.35,097,2.0,029km N 56Â° E of Lubang (Occidental Mindoro)
20 July 2020,05:58 AM,20.27,122.05,065,3.5,015km S 51Â° E of Uyugan (Batanes)
20 July 2020,04:39 AM,08.60,126.58,019,2.7,037km N 47Â° E of Hinatuan (Surigao Del Sur)
20 July 2020,04:14 AM,07.60,126.57,063,3.1,003km N 11Â° E of Baganga (Davao Oriental)
20 July 2020,03:23 AM,19.04,121.51,019,2.7,027km S 10Â° E of Calayan (Cagayan)
20 July 2020,03:16 AM,04.90,128.02,124,4.0,288km S 68Â° E of Jose Abad Santos (Davao Occidental)
20 July 2020,03:12 AM,09.82,126.48,013,3.8,036km N 84Â° E of General Luna (Surigao Del Norte)
20 July 2020,02:15 AM,14.81,119.62,019,2.7,056km S 60Â° W of San Felipe (Zambales)
20 July 2020,02:11 AM,15.89,119.97,022,2.1,015km S 39Â° E of Dasol (Pangasinan)
20 July 2020,01:41 AM,07.59,126.27,039,2.2,019km S 80Â° E of New Bataan (Davao De Oro)
20 July 2020,12:58 AM,10.05,124.30,019,2.0,008km N 30Â° W of San Miguel (Bohol)
20 July 2020,12:50 AM,06.32,125.93,108,2.2,029km N 63Â° E of Don Marcelino (Davao Occidental)
20 July 2020,12:27 AM,17.89,120.54,026,2.2,007km S 13Â° E of Pinili (Ilocos Norte)
19 July 2020,10:41 PM,18.43,120.81,018,2.2,010km S 04Â° E of Dumalneg (Ilocos Norte)
19 July 2020,09:57 PM,13.09,125.89,050,3.5,096km N 45Â° E of Mapanas (Northern Samar)
19 July 2020,09:47 PM,11.49,126.74,025,3.5,120km N 69Â° E of Mercedes (Eastern Samar)
19 July 2020,09:04 PM,05.86,127.55,143,3.0,185km S 62Â° E of Governor Generoso (Davao Oriental)
19 July 2020,08:55 PM,04.98,126.59,015,3.9,133km S 68Â° E of Sarangani (Davao Occidental)
19 July 2020,08:24 PM,13.82,120.87,014,2.4,006km S 57Â° W of San Luis (Batangas)
19 July 2020,08:22 PM,14.59,119.80,032,2.1,051km S 38Â° W of San Antonio (Zambales)
19 July 2020,08:19 PM,08.67,127.34,029,3.4,115km S 83Â° E of Marihatag (Surigao Del Sur)
19 July 2020,08:03 PM,14.15,121.23,026,1.8,003km S 08Â° E of Los BaÃ±os (Laguna)
19 July 2020,07:59 PM,04.39,124.92,484,3.7,132km S 29Â° W of Sarangani (Davao Occidental)
19 July 2020,07:02 PM,13.32,120.43,032,2.0,012km S 23Â° W of Paluan (Occidental Mindoro)
19 July 2020,07:01 PM,06.37,123.84,029,3.1,033km S 46Â° W of Kalamansig (Sultan Kudarat)
19 July 2020,06:54 PM,08.65,126.38,048,2.8,032km N 09Â° E of Hinatuan (Surigao Del Sur)
19 July 2020,06:37 PM,08.46,126.76,035,2.4,048km N 77Â° E of Hinatuan (Surigao Del Sur)
19 July 2020,05:46 PM,10.73,126.45,008,4.2,086km S 67Â° E of Guiuan (Eastern Samar)
19 July 2020,05:43 PM,09.82,124.00,011,2.9,008km N 21Â° E of Balilihan (Bohol)
19 July 2020,05:00 PM,12.61,125.40,020,3.5,022km N 46Â° E of Mapanas (Northern Samar)
19 July 2020,04:57 PM,12.76,125.57,001,3.3,047km N 48Â° E of Mapanas (Northern Samar)
19 July 2020,04:57 PM,04.80,126.27,076,4.3,113km S 52Â° E of Sarangani (Davao Occidental)
19 July 2020,03:47 PM,09.41,122.36,019,2.6,031km S 90Â° W of Basay (Negros Oriental)
19 July 2020,03:42 PM,17.98,122.75,029,2.3,084km S 51Â° E of Santa Ana (Cagayan)
19 July 2020,02:03 PM,05.40,126.96,014,2.7,159km S 70Â° E of Jose Abad Santos (Davao Occidental)
19 July 2020,12:59 PM,09.68,122.41,019,3.7,009km S 01Â° W of Sipalay City (Negros Occidental)
19 July 2020,12:25 PM,08.43,126.54,022,2.4,023km N 74Â° E of Hinatuan (Surigao Del Sur)
19 July 2020,11:44 AM,14.49,122.04,025,2.0,028km S 23Â° E of Polillo (Quezon)
19 July 2020,11:34 AM,10.86,122.65,063,2.8,007km S 55Â° W of Barotac Nuevo (Iloilo)
19 July 2020,10:15 AM,12.61,125.34,014,2.5,018km N 33Â° E of Mapanas (Northern Samar)
19 July 2020,09:26 AM,12.60,123.72,027,2.2,004km N 20Â° W of San Jacinto (Masbate (Ticao Island))
19 July 2020,07:28 AM,03.59,127.02,046,4.1,267km S 40Â° E of Sarangani (Davao Occidental)
19 July 2020,07:26 AM,09.68,125.80,025,2.2,014km N 33Â° E of Claver (Surigao Del Norte)
19 July 2020,07:21 AM,09.34,125.90,142,2.9,006km S 59Â° W of Carrascal (Surigao Del Sur)
19 July 2020,05:30 AM,03.62,126.94,029,3.2,259km S 39Â° E of Sarangani (Davao Occidental)
19 July 2020,05:06 AM,12.80,124.75,023,2.4,033km N 36Â° W of Pambujan (Northern Samar)
19 July 2020,04:40 AM,08.67,124.36,019,2.7,009km N 35Â° W of Gitagum (Misamis Oriental)
19 July 2020,03:22 AM,09.33,126.80,001,3.2,067km N 85Â° E of Cortes (Surigao Del Sur)
19 July 2020,03:08 AM,13.70,119.71,007,3.0,048km S 69Â° W of Lubang (Occidental Mindoro)
19 July 2020,02:45 AM,06.72,125.14,006,3.2,011km N 50Â° W of Kiblawan (Davao Del Sur)
19 July 2020,02:36 AM,12.94,125.81,009,4.3,077km N 50Â° E of Mapanas (Northern Samar)
19 July 2020,02:30 AM,09.40,125.59,005,3.2,007km S 17Â° E of Kitcharao (Agusan Del Norte)
19 July 2020,01:53 AM,06.31,123.83,032,3.5,039km S 40Â° W of Kalamansig (Sultan Kudarat)
19 July 2020,01:23 AM,18.47,119.81,003,2.9,086km N 55Â° W of Currimao (Ilocos Norte)
19 July 2020,12:25 AM,09.15,125.98,033,2.7,010km S 25Â° W of Carmen (Surigao Del Sur)
18 July 2020,11:38 PM,09.81,122.00,003,3.1,045km N 83Â° W of Sipalay City (Negros Occidental)
18 July 2020,11:38 PM,17.69,120.70,053,2.1,002km N 46Â° E of La Paz (Abra)
18 July 2020,11:01 PM,17.73,120.68,032,2.0,006km N 01Â° E of La Paz (Abra)
18 July 2020,09:09 PM,07.49,126.11,006,2.9,014km S 06Â° E of New Bataan (Davao De Oro)
18 July 2020,09:05 PM,09.33,126.32,014,2.0,015km N 68Â° E of Cortes (Surigao Del Sur)
18 July 2020,09:03 PM,09.33,126.60,011,2.4,046km N 82Â° E of Cortes (Surigao Del Sur)
18 July 2020,08:49 PM,09.91,126.01,019,2.3,014km S 28Â° W of Burgos (Surigao Del Norte)
18 July 2020,08:41 PM,19.09,121.31,001,2.8,027km S 38Â° W of Calayan (Cagayan)
18 July 2020,07:45 PM,06.56,126.04,134,2.3,011km S 19Â° W of Governor Generoso (Davao Oriental)
18 July 2020,07:08 PM,08.79,126.59,027,2.3,032km S 88Â° E of Marihatag (Surigao Del Sur)
18 July 2020,07:02 PM,08.78,126.64,027,2.4,038km S 86Â° E of Marihatag (Surigao Del Sur)
18 July 2020,06:07 PM,07.67,125.20,033,2.2,013km S 56Â° E of Quezon (Bukidnon)
18 July 2020,04:44 PM,13.68,119.69,010,2.6,051km S 67Â° W of Lubang (Occidental Mindoro)
18 July 2020,04:05 PM,05.77,126.72,016,3.4,121km S 36Â° E of Governor Generoso (Davao Oriental)
18 July 2020,03:25 PM,09.99,121.97,001,2.8,049km S 05Â° E of Anini-y (Antique)
18 July 2020,02:42 PM,13.62,119.81,010,3.8,043km S 52Â° W of Lubang (Occidental Mindoro)
18 July 2020,01:35 PM,12.72,125.70,069,4.0,055km N 61Â° E of Mapanas (Northern Samar)
18 July 2020,11:15 AM,13.83,119.79,001,2.7,036km S 86Â° W of Lubang (Occidental Mindoro)
18 July 2020,10:45 AM,12.91,125.89,002,3.8,085km N 55Â° E of Mapanas (Northern Samar)
18 July 2020,09:09 AM,07.70,124.45,006,3.0,019km S 74Â° E of Butig (Lanao Del Sur)
18 July 2020,08:03 AM,13.64,120.67,107,2.0,021km S 12Â° E of Calatagan (Batangas)
18 July 2020,07:10 AM,09.49,125.47,015,2.1,011km N 71Â° W of Kitcharao (Agusan Del Norte)
18 July 2020,07:09 AM,16.40,122.25,012,2.6,004km N 75Â° E of Dilasag (Aurora)
18 July 2020,06:44 AM,11.74,121.04,050,3.1,067km S 11Â° W of Magsaysay (Occidental Mindoro)
18 July 2020,06:19 AM,09.10,126.75,006,2.2,054km N 75Â° E of Bayabas (Surigao Del Sur)
18 July 2020,06:12 AM,04.02,124.91,096,4.4,168km S 22Â° W of Sarangani (Davao Occidental)
18 July 2020,06:04 AM,06.19,126.78,033,2.5,093km S 57Â° E of Governor Generoso (Davao Oriental)
18 July 2020,05:43 AM,13.38,122.17,011,2.2,011km N 54Â° E of Torrijos (Marinduque)
18 July 2020,05:13 AM,11.88,122.18,027,3.2,007km N 19Â° E of Ibajay (Aklan)
18 July 2020,04:57 AM,09.88,126.12,035,1.9,003km N 41Â° E of Pilar (Surigao Del Norte)
18 July 2020,04:22 AM,06.68,127.12,026,3.2,085km S 61Â° E of Tarragona (Davao Oriental)
18 July 2020,03:03 AM,11.57,124.40,002,3.1,001km N 61Â° E of Naval (Biliran)
18 July 2020,02:22 AM,10.04,125.31,032,2.2,012km N 33Â° E of Pintuyan (Southern Leyte)
18 July 2020,02:03 AM,14.31,123.09,050,2.3,024km N 53Â° E of Vinzons (Camarines Norte)
18 July 2020,01:01 AM,09.95,126.23,010,3.8,019km S 67Â° E of Burgos (Surigao Del Norte)
18 July 2020,12:06 AM,09.84,125.47,026,2.1,006km N 26Â° W of Surigao City (Surigao Del Norte)
17 July 2020,11:27 PM,11.48,125.02,035,2.0,013km S 88Â° E of Santa Rita (Samar)
17 July 2020,11:22 PM,09.94,125.57,021,2.0,003km S 30Â° W of Dinagat (Dinagat Islands)
17 July 2020,11:14 PM,13.94,122.95,001,2.9,014km S 04Â° W of Basud (Camarines Norte)
17 July 2020,08:52 PM,05.47,126.59,063,3.6,142km S 24Â° E of Governor Generoso (Davao Oriental)
17 July 2020,08:48 PM,10.12,126.17,015,2.1,016km N 44Â° E of Burgos (Surigao Del Norte)
17 July 2020,08:18 PM,05.54,125.64,205,3.2,038km S 04Â° E of Jose Abad Santos (Davao Occidental)
17 July 2020,07:36 PM,09.00,126.28,047,2.4,004km N 12Â° W of Bayabas (Surigao Del Sur)
17 July 2020,06:54 PM,13.25,119.79,021,2.6,075km S 76Â° W of Paluan (Occidental Mindoro)
17 July 2020,06:54 PM,07.21,126.87,017,3.6,036km S 89Â° E of Manay (Davao Oriental)
17 July 2020,06:05 PM,06.73,125.06,009,2.9,016km S 55Â° E of Columbio (Sultan Kudarat)
17 July 2020,03:22 PM,16.18,122.34,011,2.9,025km S 65Â° E of Casiguran (Aurora)
17 July 2020,03:00 PM,15.17,121.44,024,2.4,027km S 11Â° E of Dingalan (Aurora)
17 July 2020,02:56 PM,13.46,120.23,033,2.7,029km S 04Â° W of Looc (Occidental Mindoro)
17 July 2020,02:52 PM,10.04,126.09,004,2.1,030km N 14Â° W of General Luna (Surigao Del Norte)
17 July 2020,10:11 AM,17.69,121.19,033,1.6,023km S 84Â° W of Conner (Apayao)
17 July 2020,09:55 AM,15.67,119.69,009,2.2,034km N 42Â° W of Palauig (Zambales)
17 July 2020,07:34 AM,13.59,120.07,019,2.9,025km S 53Â° W of Looc (Occidental Mindoro)
17 July 2020,07:17 AM,10.28,123.80,007,4.2,004km N 20Â° E of Minglanilla (Cebu)
17 July 2020,06:26 AM,12.75,125.66,027,3.1,054km N 56Â° E of Mapanas (Northern Samar)
17 July 2020,05:09 AM,10.01,123.26,002,2.8,003km S 53Â° E of La Libertad (Negros Oriental)
17 July 2020,04:25 AM,15.67,119.17,015,2.8,083km S 54Â° W of Agno (Pangasinan)
17 July 2020,04:10 AM,06.66,125.15,003,3.1,007km N 87Â° W of Kiblawan (Davao Del Sur)
17 July 2020,03:02 AM,07.30,123.33,002,2.7,015km S 01Â° E of Pitogo (Sugbay) (Zamboanga Del Sur)
17 July 2020,02:40 AM,05.89,126.54,099,3.0,099km S 31Â° E of Governor Generoso (Davao Oriental)
17 July 2020,02:37 AM,05.80,126.50,003,2.8,099km S 85Â° E of Jose Abad Santos (Davao Occidental)
17 July 2020,02:33 AM,15.67,118.98,049,3.2,101km S 60Â° W of Agno (Pangasinan)
17 July 2020,02:29 AM,12.67,125.53,018,3.7,037km N 54Â° E of Mapanas (Northern Samar)
17 July 2020,02:29 AM,14.14,120.44,114,2.5,021km N 72Â° W of Nasugbu (Batangas)
17 July 2020,02:06 AM,14.08,119.59,003,2.8,061km N 66Â° W of Lubang (Occidental Mindoro)
17 July 2020,01:22 AM,06.28,125.13,034,2.3,009km N 54Â° E of Polomolok (South Cotabato)
17 July 2020,12:41 AM,10.65,122.57,019,2.3,003km S 54Â° W of Jordan (Guimaras)
17 July 2020,12:33 AM,03.50,127.25,189,4.2,291km S 43Â° E of Sarangani (Davao Occidental)
17 July 2020,12:24 AM,14.85,120.14,033,2.3,011km S 38Â° W of Castillejos (Zambales)
17 July 2020,12:10 AM,16.52,119.99,030,2.9,018km N 37Â° E of Bolinao (Pangasinan)
16 July 2020,11:57 PM,06.53,126.10,035,3.2,014km S 13Â° E of Governor Generoso (Davao Oriental)
16 July 2020,11:49 PM,06.58,125.19,012,3.2,008km S 20Â° W of Kiblawan (Davao Del Sur)
16 July 2020,11:39 PM,09.25,126.21,025,2.7,004km S 28Â° E of Cortes (Surigao Del Sur)
16 July 2020,11:24 PM,18.23,120.74,025,2.5,008km N 20Â° E of Piddig (Ilocos Norte)
16 July 2020,10:30 PM,08.06,126.64,032,2.2,025km N 85Â° E of Lingig (Surigao Del Sur)
16 July 2020,10:14 PM,10.79,125.64,013,2.3,028km S 18Â° W of Guiuan (Eastern Samar)
16 July 2020,10:06 PM,18.07,120.57,018,2.7,002km N 24Â° E of Batac (Ilocos Norte)
16 July 2020,09:55 PM,05.52,126.64,023,2.9,139km S 26Â° E of Governor Generoso (Davao Oriental)
16 July 2020,09:49 PM,12.65,125.59,001,2.8,041km N 61Â° E of Mapanas (Northern Samar)
16 July 2020,09:43 PM,08.80,126.42,033,2.4,014km S 89Â° E of Marihatag (Surigao Del Sur)
16 July 2020,09:20 PM,12.92,123.87,033,2.1,005km S 13Â° W of Castilla (Sorsogon)
16 July 2020,08:57 PM,06.52,125.85,155,2.8,029km N 65Â° E of Malita (Davao Occidental)
16 July 2020,08:04 PM,12.59,125.59,004,4.2,038km N 71Â° E of Mapanas (Northern Samar)
16 July 2020,08:03 PM,07.96,126.41,017,2.2,009km S 01Â° E of Lingig (Surigao Del Sur)
16 July 2020,07:35 PM,17.12,119.66,017,2.7,084km S 84Â° W of Candon City (Ilocos Sur)
16 July 2020,05:15 PM,05.29,126.63,063,3.7,130km S 83Â° E of Sarangani (Davao Occidental)
16 July 2020,05:11 PM,16.86,120.13,023,2.8,026km N 88Â° W of Luna (La Union)
16 July 2020,04:09 PM,14.90,122.56,001,2.4,029km N 43Â° E of Jomalig (Quezon)
16 July 2020,04:07 PM,19.97,120.41,015,3.5,148km N 51Â° W of Calayan (Cagayan)
16 July 2020,01:57 PM,06.58,125.13,001,3.5,012km S 47Â° W of Kiblawan (Davao Del Sur)
16 July 2020,01:49 PM,11.55,125.79,018,3.3,031km N 36Â° E of Hernani (Eastern Samar)
16 July 2020,01:36 PM,10.66,122.64,052,2.7,009km N 55Â° W of San Lorenzo (Guimaras)
16 July 2020,12:45 PM,19.10,121.26,015,3.7,029km S 47Â° W of Calayan (Cagayan)
16 July 2020,12:42 PM,13.68,120.53,150,2.7,020km S 33Â° W of Calatagan (Batangas)
16 July 2020,10:48 AM,10.34,126.13,033,2.0,036km N 16Â° E of Santa Monica (Sapao) (Surigao Del Norte)
16 July 2020,10:23 AM,09.78,126.33,006,1.7,020km S 89Â° E of General Luna (Surigao Del Norte)
16 July 2020,09:59 AM,05.74,125.27,015,3.5,014km S 44Â° E of Glan (Sarangani)
16 July 2020,09:46 AM,16.67,120.14,040,2.1,020km N 71Â° W of San Fernando(Capital) (La Union)
16 July 2020,08:49 AM,06.53,125.14,015,3.0,016km S 31Â° W of Kiblawan (Davao Del Sur)
16 July 2020,08:41 AM,06.43,125.00,026,3.5,012km S 68Â° E of Tampakan (South Cotabato)
16 July 2020,08:41 AM,06.53,124.98,009,2.5,022km N 09Â° E of Tupi (South Cotabato)
16 July 2020,08:34 AM,06.68,125.27,001,4.3,007km N 68Â° E of Kiblawan (Davao Del Sur)
16 July 2020,07:55 AM,04.49,124.18,036,3.3,173km S 17Â° W of Kiamba (Sarangani)
16 July 2020,07:36 AM,14.79,121.85,034,1.8,013km N 51Â° W of Polillo (Quezon)
16 July 2020,07:19 AM,10.62,125.54,075,2.3,029km N 07Â° W of Loreto (Dinagat Islands)
16 July 2020,05:47 AM,06.34,126.23,033,2.8,038km S 30Â° E of Governor Generoso (Davao Oriental)
16 July 2020,05:37 AM,17.23,120.67,093,2.5,009km S 83Â° E of San Emilio (Ilocos Sur)
16 July 2020,05:20 AM,06.00,126.06,135,2.5,046km S 61Â° E of Don Marcelino (Davao Occidental)
16 July 2020,04:25 AM,17.07,120.01,035,1.9,045km N 59Â° W of Luna (La Union)
16 July 2020,03:26 AM,19.51,120.16,023,3.0,122km N 25Â° W of Burgos (Ilocos Norte)
16 July 2020,02:48 AM,04.81,126.01,054,3.5,091km S 40Â° E of Sarangani (Davao Occidental)
16 July 2020,02:46 AM,18.41,120.66,028,2.5,009km N 28Â° E of Pasuquin (Ilocos Norte)
16 July 2020,02:43 AM,13.53,120.65,015,2.4,012km N 43Â° W of Abra De Ilog (Occidental Mindoro)
16 July 2020,02:18 AM,09.48,126.16,010,1.9,022km N 09Â° W of Cortes (Surigao Del Sur)
16 July 2020,01:36 AM,06.20,126.70,021,2.5,085km S 54Â° E of Governor Generoso (Davao Oriental)
16 July 2020,01:29 AM,13.61,120.66,110,2.0,019km N 22Â° W of Abra De Ilog (Occidental Mindoro)
16 July 2020,01:02 AM,16.35,122.20,013,1.9,011km N 45Â° E of Casiguran (Aurora)
16 July 2020,12:34 AM,13.88,120.55,122,2.2,010km N 59Â° W of Calatagan (Batangas)
15 July 2020,11:58 PM,09.23,126.47,022,1.9,030km S 80Â° E of Cortes (Surigao Del Sur)
15 July 2020,11:31 PM,17.19,120.36,001,2.6,009km S 87Â° W of Candon City (Ilocos Sur)
15 July 2020,11:13 PM,06.25,127.18,036,4.1,120km S 43Â° E of Tarragona (Davao Oriental)
15 July 2020,10:32 PM,08.32,125.85,007,3.0,004km N 81Â° E of La Paz (Agusan Del Sur)
15 July 2020,10:10 PM,18.91,120.84,033,2.0,037km N 09Â° E of Pagudpud (Ilocos Norte)
15 July 2020,09:45 PM,13.60,120.30,014,2.3,015km S 23Â° E of Looc (Occidental Mindoro)
15 July 2020,09:39 PM,07.04,125.73,038,2.5,013km S 78Â° E of Davao City (Davao Del Sur)
15 July 2020,09:10 PM,09.65,125.38,028,2.6,005km N 35Â° W of Malimono (Surigao Del Norte)
15 July 2020,08:10 PM,15.03,120.35,012,2.6,020km N 56Â° E of Castillejos (Zambales)
15 July 2020,07:26 PM,10.18,125.27,027,2.2,010km S 05Â° E of Anahawan (Southern Leyte)
15 July 2020,07:20 PM,09.37,126.53,035,2.1,039km N 75Â° E of Cortes (Surigao Del Sur)
15 July 2020,07:19 PM,09.33,126.35,011,2.4,018km N 72Â° E of Cortes (Surigao Del Sur)
15 July 2020,07:01 PM,16.01,119.84,030,2.6,005km N 61Â° W of Dasol (Pangasinan)
15 July 2020,05:18 PM,13.63,123.29,021,2.5,009km N 12Â° E of Pili (Camarines Sur)
15 July 2020,04:00 PM,13.40,120.75,001,3.2,005km S 20Â° E of Abra De Ilog (Occidental Mindoro)
15 July 2020,02:26 PM,06.44,125.27,024,3.2,020km N 06Â° E of Malungon (Sarangani)
15 July 2020,01:51 PM,14.69,120.37,120,2.0,006km S 01Â° W of Morong (Bataan)
15 July 2020,01:48 PM,06.72,126.73,027,3.3,048km S 41Â° E of Tarragona (Davao Oriental)
15 July 2020,12:36 PM,13.92,119.97,009,2.7,018km N 68Â° W of Lubang (Occidental Mindoro)
15 July 2020,05:39 AM,10.00,126.36,025,2.8,032km S 86Â° E of Burgos (Surigao Del Norte)
15 July 2020,04:34 AM,08.32,125.83,018,1.9,002km N 66Â° E of La Paz (Agusan Del Sur)
15 July 2020,04:28 AM,16.47,122.25,003,2.4,009km N 27Â° E of Dilasag (Aurora)
15 July 2020,04:26 AM,05.87,125.99,051,3.8,041km S 88Â° E of Jose Abad Santos (Davao Occidental)
15 July 2020,03:27 AM,06.02,126.46,020,3.3,082km S 31Â° E of Governor Generoso (Davao Oriental)
15 July 2020,03:22 AM,15.83,119.22,028,2.3,070km S 63Â° W of Agno (Pangasinan)
15 July 2020,02:54 AM,09.80,125.70,029,2.2,022km S 33Â° E of Dinagat (Dinagat Islands)
15 July 2020,02:47 AM,05.87,126.65,062,3.4,107km S 37Â° E of Governor Generoso (Davao Oriental)
15 July 2020,01:54 AM,13.92,119.98,004,2.2,017km N 65Â° W of Lubang (Occidental Mindoro)
15 July 2020,01:52 AM,13.80,119.88,019,2.6,026km S 75Â° W of Lubang (Occidental Mindoro)
15 July 2020,01:50 AM,07.54,124.13,008,2.5,001km N 56Â° E of Balabagan (Lanao Del Sur)
15 July 2020,01:21 AM,08.35,125.77,023,3.3,007km N 47Â° W of La Paz (Agusan Del Sur)
15 July 2020,12:05 AM,16.18,120.88,010,3.0,007km N 72Â° W of Santa Fe (Nueva Vizcaya)
14 July 2020,11:38 PM,14.23,120.39,107,2.0,030km N 58Â° W of Nasugbu (Batangas)
14 July 2020,11:35 PM,09.29,126.32,026,2.6,015km N 83Â° E of Cortes (Surigao Del Sur)
14 July 2020,11:27 PM,08.27,125.79,023,2.3,005km S 27Â° W of La Paz (Agusan Del Sur)
14 July 2020,10:36 PM,08.85,125.59,024,1.9,008km N 16Â° W of Las Nieves (Agusan Del Norte)
14 July 2020,10:31 PM,05.97,126.33,111,2.9,074km S 70Â° E of Don Marcelino (Davao Occidental)
14 July 2020,09:39 PM,13.86,119.73,026,2.2,042km N 90Â° W of Lubang (Occidental Mindoro)
14 July 2020,08:59 PM,09.25,126.29,027,4.6,011km S 78Â° E of Cortes (Surigao Del Sur)
14 July 2020,07:26 PM,07.01,127.74,032,2.7,134km S 75Â° E of Caraga (Davao Oriental)
14 July 2020,07:21 PM,13.83,119.89,014,2.0,025km S 83Â° W of Lubang (Occidental Mindoro)
14 July 2020,06:37 PM,13.71,120.09,031,1.6,016km S 14Â° W of Lubang (Occidental Mindoro)
14 July 2020,05:42 PM,17.94,120.68,005,2.6,002km N 09Â° W of Nueva Era (Ilocos Norte)
14 July 2020,05:16 PM,08.76,126.46,031,2.1,019km S 76Â° E of Marihatag (Surigao Del Sur)
14 July 2020,03:21 PM,05.93,126.50,015,3.1,092km S 30Â° E of Governor Generoso (Davao Oriental)
14 July 2020,02:15 PM,13.84,119.89,008,4.7,026km S 86Â° W of Lubang (Occidental Mindoro)
14 July 2020,01:26 PM,07.52,125.82,027,2.0,014km N 11Â° E of Tagum  City (Davao Del Norte)
14 July 2020,12:02 PM,06.46,126.37,121,2.5,039km S 57Â° E of Governor Generoso (Davao Oriental)
14 July 2020,11:04 AM,18.28,122.06,009,2.8,007km N 74Â° E of Gonzaga (Cagayan)
14 July 2020,08:56 AM,06.50,126.29,076,2.4,083km S 19Â° W of Manay (Davao Oriental)
14 July 2020,08:55 AM,08.04,126.41,073,1.6,021km S 27Â° E of Bislig City (Surigao Del Sur)
14 July 2020,08:35 AM,06.14,126.19,082,2.9,058km S 13Â° E of Governor Generoso (Davao Oriental)
14 July 2020,07:33 AM,05.74,126.45,013,3.5,094km S 80Â° E of Jose Abad Santos (Davao Occidental)
14 July 2020,06:16 AM,08.55,125.54,041,3.3,029km N 68Â° W of Talacogon (Agusan Del Sur)
14 July 2020,05:55 AM,07.21,125.96,031,2.1,009km N 50Â° E of Pantukan (Davao De Oro)
14 July 2020,05:14 AM,12.07,126.04,014,3.5,060km S 78Â° E of San Policarpo (Eastern Samar)
14 July 2020,04:40 AM,10.72,122.66,016,3.0,013km N 23Â° W of San Lorenzo (Guimaras)
14 July 2020,04:29 AM,08.87,125.99,017,2.4,011km S 33Â° W of San Miguel (Surigao Del Sur)
14 July 2020,04:15 AM,05.21,125.25,041,3.1,035km S 45Â° W of Sarangani (Davao Occidental)
14 July 2020,04:13 AM,13.78,119.73,006,3.6,043km S 79Â° W of Lubang (Occidental Mindoro)
14 July 2020,04:12 AM,13.77,119.88,020,2.9,027km S 71Â° W of Lubang (Occidental Mindoro)
14 July 2020,02:59 AM,09.96,126.41,008,3.7,034km N 55Â° E of General Luna (Surigao Del Norte)
14 July 2020,02:31 AM,13.80,120.56,095,2.4,008km S 65Â° W of Calatagan (Batangas)
14 July 2020,02:25 AM,10.78,122.94,006,2.3,005km N 32Â° W of Talisay (Negros Occidental)
14 July 2020,02:07 AM,03.43,126.00,001,3.7,229km S 15Â° E of Sarangani (Davao Occidental)
14 July 2020,01:30 AM,02.75,127.43,082,3.5,367km S 36Â° E of Sarangani (Davao Occidental)
14 July 2020,01:15 AM,09.20,126.42,027,2.4,027km S 71Â° E of Cortes (Surigao Del Sur)
14 July 2020,12:46 AM,03.31,127.65,058,4.0,337km S 46Â° E of Sarangani (Davao Occidental)
13 July 2020,11:05 PM,08.95,123.07,016,3.7,014km S 19Â° E of Siaton (Negros Oriental)
13 July 2020,11:01 PM,13.79,120.63,096,2.2,005km S 01Â° W of Calatagan (Batangas)
13 July 2020,09:44 PM,16.08,122.06,006,1.8,013km S 61Â° E of Dinalungan (Aurora)
13 July 2020,09:43 PM,16.07,122.07,005,1.7,014km S 59Â° E of Dinalungan (Aurora)
13 July 2020,09:34 PM,05.46,127.26,066,3.4,185km S 45Â° E of Governor Generoso (Davao Oriental)
13 July 2020,09:32 PM,05.67,126.63,062,3.1,114km S 78Â° E of Jose Abad Santos (Davao Occidental)
13 July 2020,08:06 PM,06.62,125.19,010,3.6,004km S 36Â° W of Kiblawan (Davao Del Sur)
13 July 2020,07:48 PM,04.97,125.92,028,3.3,107km S 19Â° E of Jose Abad Santos (Davao Occidental)
13 July 2020,05:17 PM,08.66,126.63,032,3.1,046km N 45Â° E of Hinatuan (Surigao Del Sur)
13 July 2020,02:17 PM,07.64,124.89,001,2.7,008km N 29Â° W of Kadingilan (Bukidnon)
13 July 2020,02:15 PM,06.25,123.82,015,4.0,045km S 36Â° W of Kalamansig (Sultan Kudarat)
13 July 2020,02:08 PM,13.92,119.83,020,2.4,032km N 78Â° W of Lubang (Occidental Mindoro)
13 July 2020,01:44 PM,06.61,125.21,028,2.0,005km S 08Â° W of Kiblawan (Davao Del Sur)
13 July 2020,08:41 AM,07.99,126.81,013,1.7,045km N 61Â° E of Cateel (Davao Oriental)
13 July 2020,08:38 AM,07.22,126.14,045,1.5,028km N 77Â° E of Pantukan (Davao De Oro)
13 July 2020,08:35 AM,13.87,120.50,097,2.5,015km N 76Â° W of Calatagan (Batangas)
13 July 2020,07:03 AM,13.69,120.56,095,2.8,017km S 25Â° W of Calatagan (Batangas)
13 July 2020,06:34 AM,07.31,126.52,022,2.4,011km N 08Â° W of Manay (Davao Oriental)
13 July 2020,06:23 AM,10.59,126.06,020,2.9,058km N 64Â° E of Loreto (Dinagat Islands)
13 July 2020,04:22 AM,19.15,121.09,006,3.4,042km S 69Â° W of Calayan (Cagayan)
13 July 2020,04:13 AM,17.22,119.83,013,4.1,066km N 87Â° W of Candon City (Ilocos Sur)
13 July 2020,03:51 AM,16.15,121.98,008,2.5,003km N 57Â° E of Dinalungan (Aurora)
13 July 2020,03:32 AM,08.32,123.18,033,2.5,010km N 61Â° E of Siayan (Zamboanga Del Norte)
13 July 2020,03:32 AM,03.60,126.80,004,3.6,251km S 36Â° E of Sarangani (Davao Occidental)
13 July 2020,03:19 AM,13.56,123.24,007,2.8,009km S 41Â° E of Naga City (Camarines Sur)
13 July 2020,03:10 AM,09.27,125.63,023,2.4,013km N 49Â° E of Tubay (Agusan Del Norte)
13 July 2020,01:39 AM,19.71,121.45,008,3.3,047km N 02Â° W of Calayan (Cagayan)
13 July 2020,01:27 AM,19.92,121.23,010,3.2,074km N 19Â° W of Calayan (Cagayan)
13 July 2020,12:37 AM,19.13,122.17,034,2.1,076km S 77Â° E of Calayan (Cagayan)
13 July 2020,12:37 AM,05.49,126.69,102,3.0,126km S 70Â° E of Jose Abad Santos (Davao Occidental)
13 July 2020,12:31 AM,13.08,120.25,018,2.2,044km S 32Â° W of Paluan (Occidental Mindoro)
12 July 2020,11:47 PM,13.52,120.57,034,1.9,016km N 44Â° E of Paluan (Occidental Mindoro)
12 July 2020,11:33 PM,06.63,125.18,008,2.7,004km S 51Â° W of Kiblawan (Davao Del Sur)
12 July 2020,09:49 PM,08.40,125.80,039,2.5,006km S 14Â° E of Talacogon (Agusan Del Sur)
12 July 2020,09:14 PM,07.24,126.71,023,2.7,019km N 82Â° E of Manay (Davao Oriental)
12 July 2020,07:52 PM,08.86,122.11,032,2.6,084km S 44Â° W of Basay (Negros Oriental)
12 July 2020,07:37 PM,19.03,121.28,007,2.9,033km S 35Â° W of Calayan (Cagayan)
12 July 2020,07:25 PM,14.01,120.50,107,2.2,025km N 37Â° W of Calatagan (Batangas)
12 July 2020,07:23 PM,13.55,120.62,131,2.6,017km N 48Â° W of Abra De Ilog (Occidental Mindoro)
12 July 2020,06:46 PM,19.09,121.20,034,2.0,035km S 53Â° W of Calayan (Cagayan)
12 July 2020,05:29 PM,20.88,121.76,084,2.9,013km N 43Â° W of Itbayat (Batanes)
12 July 2020,04:23 PM,07.92,126.93,016,2.2,055km N 75Â° E of Cateel (Davao Oriental)
12 July 2020,02:45 PM,14.28,120.53,197,3.9,025km N 24Â° W of Nasugbu (Batangas)
12 July 2020,12:20 PM,10.02,123.53,033,2.2,018km N 58Â° E of Moalboal (Cebu)
12 July 2020,10:36 AM,07.98,127.14,006,2.1,079km N 75Â° E of Cateel (Davao Oriental)
12 July 2020,08:02 AM,07.85,126.82,014,3.0,041km N 43Â° E of Baganga (Davao Oriental)
12 July 2020,07:24 AM,13.77,120.50,099,3.3,016km S 63Â° W of Calatagan (Batangas)
12 July 2020,07:04 AM,09.35,126.22,023,2.1,012km N 64Â° W of Cortes (Surigao Del Sur)
12 July 2020,06:09 AM,09.20,126.16,023,2.4,009km S 22Â° W of Cortes (Surigao Del Sur)
12 July 2020,04:35 AM,09.23,126.17,033,2.0,006km S 22Â° W of Cortes (Surigao Del Sur)
12 July 2020,03:56 AM,09.09,126.43,023,2.2,024km N 37Â° E of Cagwait (Surigao Del Sur)
12 July 2020,03:56 AM,08.97,122.29,010,3.2,062km S 39Â° W of Basay (Negros Oriental)
12 July 2020,03:46 AM,05.37,126.81,009,3.0,144km S 66Â° E of Jose Abad Santos (Davao Occidental)
12 July 2020,03:37 AM,08.94,122.80,001,2.6,029km S 61Â° W of Siaton (Negros Oriental)
12 July 2020,03:35 AM,06.20,124.94,064,2.5,014km S 78Â° W of Polomolok (South Cotabato)
12 July 2020,03:29 AM,09.64,126.44,020,2.7,035km S 63Â° E of General Luna (Surigao Del Norte)
12 July 2020,03:11 AM,16.51,121.34,016,2.0,014km S 39Â° E of Bagabag (Nueva Vizcaya)
12 July 2020,02:32 AM,05.19,126.18,018,3.4,083km S 71Â° E of Sarangani (Davao Occidental)
12 July 2020,01:42 AM,13.70,120.61,108,2.0,015km S 11Â° W of Calatagan (Batangas)
12 July 2020,12:17 AM,17.83,120.44,014,2.3,004km S 19Â° W of Sinait (Ilocos Sur)
12 July 2020,12:06 AM,06.06,126.94,027,3.2,116km S 55Â° E of Governor Generoso (Davao Oriental)
12 July 2020,12:05 AM,18.35,120.74,033,2.1,013km N 85Â° E of Pasuquin (Ilocos Norte)
12 July 2020,12:02 AM,05.58,126.24,071,3.9,077km S 64Â° E of Jose Abad Santos (Davao Occidental)
11 July 2020,11:37 PM,07.69,126.10,005,2.7,002km N 37Â° E of Compostela (Davao De Oro)
11 July 2020,11:04 PM,10.32,125.26,001,2.4,004km S 11Â° E of Hinundayan (Southern Leyte)
11 July 2020,10:50 PM,10.27,124.94,012,1.8,012km S 72Â° W of Libagon (Southern Leyte)
11 July 2020,10:12 PM,10.68,122.48,012,2.1,002km S 13Â° E of Oton (Iloilo)
11 July 2020,09:48 PM,06.45,126.08,033,2.4,022km S 03Â° E of Governor Generoso (Davao Oriental)
11 July 2020,09:09 PM,15.08,122.39,020,1.9,040km N 28Â° E of Patnanungan (Quezon)
11 July 2020,08:51 PM,04.48,126.65,001,4.1,168km S 51Â° E of Sarangani (Davao Occidental)
11 July 2020,08:34 PM,11.26,125.83,008,2.8,022km N 56Â° E of Salcedo (Eastern Samar)
11 July 2020,08:07 PM,12.61,124.05,016,3.7,007km S 52Â° W of Santa Magdalena (Sorsogon)
11 July 2020,08:00 PM,07.72,127.31,031,2.5,084km N 79Â° E of Baganga (Davao Oriental)
11 July 2020,07:22 PM,06.21,126.75,072,3.3,089km S 57Â° E of Governor Generoso (Davao Oriental)
11 July 2020,07:11 PM,06.56,125.48,013,3.9,001km N 25Â° E of Santa Maria (Davao Occidental)
11 July 2020,07:06 PM,13.46,120.27,031,2.0,022km N 76Â° W of Paluan (Occidental Mindoro)
11 July 2020,07:05 PM,15.03,119.86,032,1.7,023km S 81Â° W of San Felipe (Zambales)
11 July 2020,06:40 PM,13.52,123.63,041,4.5,009km N 37Â° W of Tiwi (Albay)
11 July 2020,06:09 PM,07.97,122.36,033,2.2,015km N 73Â° E of Gutalac (Zamboanga Del Norte)
11 July 2020,05:01 PM,12.75,125.83,015,4.5,070km N 64Â° E of Mapanas (Northern Samar)
11 July 2020,04:52 PM,09.23,126.21,032,1.9,006km S 22Â° E of Cortes (Surigao Del Sur)
11 July 2020,03:56 PM,06.43,124.10,004,3.2,017km S 18Â° E of Kalamansig (Sultan Kudarat)
11 July 2020,03:37 PM,08.08,126.80,005,2.4,051km N 51Â° E of Cateel (Davao Oriental)
11 July 2020,03:14 PM,13.47,123.60,008,2.6,008km N 85Â° W of Tiwi (Albay)
11 July 2020,02:45 PM,13.64,123.78,021,3.5,023km N 30Â° E of Tiwi (Albay)
11 July 2020,02:38 PM,13.43,123.66,022,2.0,004km S 23Â° W of Tiwi (Albay)
11 July 2020,02:25 PM,07.93,127.00,017,2.5,062km N 76Â° E of Cateel (Davao Oriental)
11 July 2020,01:53 PM,13.76,120.48,031,2.6,018km S 64Â° W of Calatagan (Batangas)
11 July 2020,01:42 PM,10.86,125.62,005,2.6,023km S 30Â° W of Guiuan (Eastern Samar)
11 July 2020,12:55 PM,07.88,127.12,020,2.8,071km N 61Â° E of Baganga (Davao Oriental)
11 July 2020,12:36 PM,16.67,119.30,085,2.4,071km N 64Â° W of Bolinao (Pangasinan)
11 July 2020,12:24 PM,13.83,120.50,081,2.2,014km N 90Â° W of Calatagan (Batangas)
11 July 2020,10:46 AM,05.60,126.57,015,3.2,129km S 25Â° E of Governor Generoso (Davao Oriental)
11 July 2020,09:58 AM,05.73,126.08,112,2.9,054km S 72Â° E of Jose Abad Santos (Davao Occidental)
11 July 2020,09:53 AM,10.08,126.11,012,2.8,010km N 53Â° E of Santa Monica (Sapao) (Surigao Del Norte)
11 July 2020,09:41 AM,07.93,126.92,015,1.9,054km N 74Â° E of Cateel (Davao Oriental)
11 July 2020,09:30 AM,03.94,126.19,032,3.2,183km S 26Â° E of Sarangani (Davao Occidental)
11 July 2020,09:04 AM,10.98,125.76,023,2.9,008km S 36Â° E of Guiuan (Eastern Samar)
11 July 2020,07:48 AM,07.97,127.08,026,3.2,072km N 52Â° E of Baganga (Davao Oriental)
11 July 2020,04:39 AM,19.32,121.28,007,3.1,020km N 76Â° W of Calayan (Cagayan)
11 July 2020,04:37 AM,08.86,122.24,052,2.7,076km S 36Â° W of Basay (Negros Oriental)
11 July 2020,03:44 AM,07.74,127.22,033,2.3,075km N 76Â° E of Baganga (Davao Oriental)
11 July 2020,03:02 AM,07.94,126.84,015,2.6,046km N 69Â° E of Cateel (Davao Oriental)
11 July 2020,02:59 AM,06.82,124.96,013,2.8,001km S 80Â° W of Columbio (Sultan Kudarat)
11 July 2020,02:43 AM,15.16,120.00,065,2.2,006km N 88Â° W of Cabangan (Zambales)
11 July 2020,02:39 AM,12.78,123.90,032,2.5,009km S 50Â° E of Magallanes (Sorsogon)
11 July 2020,02:28 AM,06.61,125.14,012,2.6,010km S 59Â° W of Kiblawan (Davao Del Sur)
11 July 2020,02:16 AM,06.64,125.28,018,4.8,008km S 76Â° E of Kiblawan (Davao Del Sur)
11 July 2020,02:08 AM,13.84,120.53,080,2.3,012km N 86Â° W of Calatagan (Batangas)
11 July 2020,01:36 AM,07.97,127.08,001,3.4,074km S 84Â° E of Lingig (Surigao Del Sur)
11 July 2020,01:29 AM,18.90,121.57,001,2.4,044km S 15Â° E of Calayan (Cagayan)
11 July 2020,01:27 AM,08.10,126.83,010,2.4,047km N 82Â° E of Lingig (Surigao Del Sur)
11 July 2020,01:27 AM,15.09,119.81,014,2.4,027km S 73Â° W of Cabangan (Zambales)
10 July 2020,11:22 PM,16.47,122.10,022,2.7,022km N 07Â° W of Casiguran (Aurora)
10 July 2020,10:26 PM,05.72,126.37,018,2.4,086km S 78Â° E of Jose Abad Santos (Davao Occidental)
10 July 2020,10:06 PM,07.75,126.48,022,2.2,006km S 35Â° E of Cateel (Davao Oriental)
10 July 2020,09:59 PM,07.63,126.20,014,3.1,013km S 68Â° E of Compostela (Davao De Oro)
10 July 2020,09:52 PM,18.94,121.70,025,2.8,046km S 34Â° E of Calayan (Cagayan)
10 July 2020,09:44 PM,08.46,122.88,034,2.2,025km S 75Â° W of Manukan (Zamboanga Del Norte)
10 July 2020,08:29 PM,18.91,122.02,001,3.3,072km S 55Â° E of Calayan (Cagayan)
10 July 2020,07:25 PM,06.56,124.77,041,2.1,010km N 57Â° W of Koronadal City (South Cotabato)
10 July 2020,07:06 PM,15.13,123.00,029,3.4,082km N 56Â° E of Jomalig (Quezon)
10 July 2020,06:55 PM,18.02,119.75,003,2.6,076km N 77Â° W of Sinait (Ilocos Sur)
10 July 2020,05:24 PM,07.96,126.92,017,2.5,054km N 70Â° E of Cateel (Davao Oriental)
10 July 2020,05:08 PM,08.03,127.07,005,2.7,073km N 69Â° E of Cateel (Davao Oriental)
10 July 2020,04:09 PM,06.98,126.11,028,2.7,011km N 79Â° E of Banaybanay (Davao Oriental)
10 July 2020,02:31 PM,09.62,126.47,019,3.6,039km S 62Â° E of General Luna (Surigao Del Norte)
10 July 2020,02:10 PM,08.36,125.91,016,2.4,012km N 61Â° E of La Paz (Agusan Del Sur)
10 July 2020,01:54 PM,15.98,120.02,029,2.4,013km S 40Â° W of Sual (Pangasinan)
10 July 2020,01:10 PM,06.57,126.80,169,2.7,076km S 22Â° E of Manay (Davao Oriental)
10 July 2020,12:15 PM,15.85,119.76,039,1.8,016km N 81Â° W of Infanta (Pangasinan)
10 July 2020,11:44 AM,05.46,126.48,087,2.5,107km S 64Â° E of Jose Abad Santos (Davao Occidental)
10 July 2020,11:35 AM,12.02,124.04,021,3.0,013km N 02Â° E of Pio V. Corpuz (Limbuhan) (Masbate)
10 July 2020,10:25 AM,12.01,124.06,016,2.9,012km N 13Â° E of Pio V. Corpuz (Limbuhan) (Masbate)
10 July 2020,10:01 AM,12.25,123.89,070,2.8,008km N 28Â° E of Dimasalang (Masbate)
10 July 2020,09:46 AM,11.94,124.08,001,3.3,007km N 52Â° E of Pio V. Corpuz (Limbuhan) (Masbate)
10 July 2020,07:57 AM,09.71,124.47,006,3.0,012km S 71Â° W of Anda (Bohol)
10 July 2020,07:20 AM,06.59,125.22,010,2.6,007km S 04Â° E of Kiblawan (Davao Del Sur)
10 July 2020,06:48 AM,13.80,120.58,127,2.2,007km S 59Â° W of Calatagan (Batangas)
10 July 2020,06:36 AM,15.50,119.67,015,2.3,026km N 74Â° W of Palauig (Zambales)
10 July 2020,06:27 AM,15.20,119.66,029,2.6,037km S 46Â° W of Palauig (Zambales)
10 July 2020,04:27 AM,15.59,119.81,033,2.0,020km N 31Â° W of Palauig (Zambales)
10 July 2020,04:25 AM,14.71,119.93,044,2.1,036km N 85Â° W of Morong (Bataan)
10 July 2020,03:16 AM,17.62,120.18,010,2.2,019km N 76Â° W of Santa Catalina (Ilocos Sur)
10 July 2020,03:13 AM,17.80,119.86,015,3.4,058km N 65Â° W of Santa Catalina (Ilocos Sur)
10 July 2020,02:57 AM,08.93,126.48,028,2.6,020km N 87Â° E of Cagwait (Surigao Del Sur)
10 July 2020,02:54 AM,09.02,126.06,037,2.5,016km S 63Â° W of Tandag City (Surigao Del Sur)
10 July 2020,02:51 AM,06.63,125.21,012,4.7,003km S 12Â° W of Kiblawan (Davao Del Sur)
10 July 2020,02:51 AM,10.49,125.52,109,3.2,016km N 25Â° W of Loreto (Dinagat Islands)
10 July 2020,02:27 AM,10.53,125.24,025,2.6,009km N 88Â° E of Silago (Southern Leyte)
10 July 2020,01:25 AM,19.83,120.16,025,3.3,149km N 66Â° W of Calayan (Cagayan)
10 July 2020,01:21 AM,06.66,126.97,049,2.8,077km S 38Â° E of Manay (Davao Oriental)
10 July 2020,01:01 AM,08.84,126.13,025,2.3,016km S 40Â° E of San Miguel (Surigao Del Sur)
10 July 2020,12:34 AM,09.73,126.24,017,3.1,011km S 60Â° E of General Luna (Surigao Del Norte)
09 July 2020,11:52 PM,08.21,127.36,033,3.8,112km N 52Â° E of Baganga (Davao Oriental)
09 July 2020,11:41 PM,08.59,121.93,021,3.3,081km N 24Â° W of Gutalac (Zamboanga Del Norte)
09 July 2020,11:37 PM,14.21,120.11,061,1.7,039km N 02Â° W of Lubang (Occidental Mindoro)
09 July 2020,11:13 PM,15.19,121.24,004,3.3,030km N 32Â° E of DoÃ±a Remedios Trinidad (Bulacan)
09 July 2020,11:09 PM,10.36,122.38,020,3.1,026km S 43Â° W of Nueva Valencia (Guimaras)
09 July 2020,11:08 PM,11.76,119.50,001,2.3,064km S 45Â° W of Busuanga (Palawan)
09 July 2020,10:47 PM,14.74,121.72,035,1.7,011km S 78Â° E of General Nakar (Quezon)
09 July 2020,09:55 PM,16.65,119.67,019,2.7,037km N 39Â° W of Bolinao (Pangasinan)
09 July 2020,08:18 PM,09.29,123.19,007,2.4,008km N 89Â° W of Luzurriaga (Valencia) (Negros Oriental)
09 July 2020,07:34 PM,13.08,120.66,033,2.1,007km N 83Â° W of Santa Cruz (Occidental Mindoro)
09 July 2020,07:26 PM,14.88,122.81,033,3.0,051km N 69Â° E of Jomalig (Quezon)
09 July 2020,06:37 PM,04.98,125.96,113,3.4,074km S 47Â° E of Sarangani (Davao Occidental)
09 July 2020,01:36 PM,10.34,125.14,001,3.3,006km N 01Â° W of Saint Bernard (Southern Leyte)
09 July 2020,12:57 PM,08.35,125.81,025,2.6,004km N 05Â° W of La Paz (Agusan Del Sur)
09 July 2020,12:47 PM,20.58,121.91,015,3.3,024km S 16Â° E of Itbayat (Batanes)
09 July 2020,12:21 PM,10.33,125.13,001,2.7,005km N 11Â° W of Saint Bernard (Southern Leyte)
09 July 2020,11:58 AM,10.27,125.11,001,3.5,003km S 79Â° W of Saint Bernard (Southern Leyte)
09 July 2020,11:08 AM,09.87,126.34,024,2.7,022km N 65Â° E of General Luna (Surigao Del Norte)
09 July 2020,09:25 AM,20.03,121.93,045,3.1,035km S 11Â° E of Sabtang (Batanes)
09 July 2020,09:15 AM,04.68,126.28,013,3.3,123km S 47Â° E of Sarangani (Davao Occidental)
09 July 2020,08:55 AM,09.26,125.65,004,2.0,010km S 86Â° E of Santiago (Agusan Del Norte)
09 July 2020,08:44 AM,07.20,126.75,030,2.7,024km S 88Â° E of Manay (Davao Oriental)
09 July 2020,04:59 AM,07.93,126.38,013,3.5,017km N 28Â° W of Cateel (Davao Oriental)
09 July 2020,04:12 AM,09.74,123.83,022,2.5,002km S 73Â° W of Maribojoc (Bohol)
09 July 2020,03:53 AM,11.17,124.62,002,2.3,006km S 81Â° E of Kananga (Leyte)
09 July 2020,03:42 AM,09.05,126.46,023,2.8,021km N 65Â° E of Bayabas (Surigao Del Sur)
09 July 2020,03:14 AM,15.63,120.56,120,2.6,005km N 63Â° W of Gerona (Tarlac)
09 July 2020,02:56 AM,16.46,120.45,031,2.0,005km S 59Â° W of Sablan (Benguet)
09 July 2020,12:32 AM,05.65,126.48,033,4.3,119km S 22Â° E of Governor Generoso (Davao Oriental)
09 July 2020,12:03 AM,08.04,123.05,021,2.7,020km N 11Â° E of Bayog (Zamboanga Del Sur)
08 July 2020,10:47 PM,07.27,126.74,125,2.6,040km N 53Â° E of Tarragona (Davao Oriental)
08 July 2020,10:42 PM,07.53,126.47,065,2.2,011km S 65Â° W of Baganga (Davao Oriental)
08 July 2020,07:58 PM,05.81,127.26,104,3.3,161km S 55Â° E of Governor Generoso (Davao Oriental)
08 July 2020,07:30 PM,14.60,119.71,031,1.8,056km S 47Â° W of San Antonio (Zambales)
08 July 2020,07:29 PM,14.61,119.65,034,1.9,060km S 52Â° W of San Antonio (Zambales)
08 July 2020,07:25 PM,09.76,126.28,022,2.4,013km S 81Â° E of General Luna (Surigao Del Norte)
08 July 2020,04:50 PM,06.81,125.08,003,2.1,014km N 79Â° W of Bansalan (Davao Del Sur)
08 July 2020,04:47 PM,13.96,120.49,103,1.6,020km S 49Â° W of Nasugbu (Batangas)
08 July 2020,02:05 PM,18.89,121.72,055,2.2,051km S 32Â° E of Calayan (Cagayan)
08 July 2020,12:30 PM,18.57,121.67,025,1.8,024km N 08Â° E of Aparri (Cagayan)
08 July 2020,11:59 AM,16.01,121.72,048,1.9,027km N 46Â° E of Dipaculao (Aurora)
08 July 2020,10:57 AM,06.18,126.06,141,2.2,040km S 87Â° E of Don Marcelino (Davao Occidental)
08 July 2020,09:29 AM,06.04,126.11,015,3.2,067km S 03Â° E of Governor Generoso (Davao Oriental)
08 July 2020,08:52 AM,08.17,126.53,036,2.4,019km N 41Â° E of Lingig (Surigao Del Sur)
08 July 2020,08:28 AM,15.16,119.94,070,4.7,013km N 88Â° W of Cabangan (Zambales)
08 July 2020,07:53 AM,13.52,120.43,031,2.6,012km N 21Â° W of Paluan (Occidental Mindoro)
08 July 2020,05:42 AM,17.06,120.72,107,2.1,008km N 13Â° W of Cervantes (Ilocos Sur)
08 July 2020,04:18 AM,15.89,119.92,018,2.2,007km N 08Â° E of Infanta (Pangasinan)
08 July 2020,03:49 AM,10.09,124.35,025,1.6,011km N 04Â° E of San Miguel (Bohol)
08 July 2020,03:29 AM,10.58,126.86,021,3.0,106km N 54Â° E of Burgos (Surigao Del Norte)
08 July 2020,03:08 AM,08.71,122.78,012,2.8,041km N 59Â° W of Manukan (Zamboanga Del Norte)
08 July 2020,01:46 AM,09.83,122.52,045,2.3,015km N 60Â° E of Sipalay City (Negros Occidental)
08 July 2020,01:10 AM,18.18,121.13,022,2.5,018km N 18Â° W of Kabugao (Apayao)
08 July 2020,12:35 AM,13.75,120.70,198,4.2,012km S 38Â° E of Calatagan (Batangas)
07 July 2020,11:39 PM,18.91,121.60,001,2.8,044km S 19Â° E of Calayan (Cagayan)
07 July 2020,11:34 PM,18.41,120.84,020,2.0,025km N 71Â° E of Pasuquin (Ilocos Norte)
07 July 2020,08:01 PM,10.87,123.41,008,2.6,005km S 17Â° W of Sagay City (Negros Occidental)
07 July 2020,07:32 PM,06.21,126.90,018,3.8,105km S 28Â° E of Tarragona (Davao Oriental)
07 July 2020,07:15 PM,10.52,122.33,001,2.6,023km S 89Â° W of Nueva Valencia (Guimaras)
07 July 2020,06:07 PM,06.43,127.16,095,3.0,111km S 39Â° E of Manay (Davao Oriental)
07 July 2020,06:03 PM,16.89,120.40,084,2.0,005km N 37Â° E of Luna (La Union)
07 July 2020,05:52 PM,11.91,125.34,021,4.1,008km N 88Â° W of Taft (Eastern Samar)
07 July 2020,02:42 PM,08.72,126.84,004,2.1,060km S 82Â° E of Marihatag (Surigao Del Sur)
07 July 2020,02:36 PM,16.39,119.71,020,3.6,019km N 89Â° W of Bolinao (Pangasinan)
07 July 2020,02:06 PM,08.86,126.64,024,2.2,038km S 81Â° E of Cagwait (Surigao Del Sur)
07 July 2020,01:20 PM,07.73,126.94,012,2.6,045km N 67Â° E of Baganga (Davao Oriental)
07 July 2020,09:36 AM,07.87,126.53,029,2.8,012km N 46Â° E of Cateel (Davao Oriental)
07 July 2020,09:01 AM,10.06,126.38,001,3.4,033km N 83Â° E of Burgos (Surigao Del Norte)
07 July 2020,06:13 AM,10.12,126.40,004,2.8,037km N 73Â° E of Burgos (Surigao Del Norte)
07 July 2020,04:29 AM,15.19,121.19,035,1.7,026km N 21Â° E of DoÃa Remedios Trinidad (Bulacan)
06 July 2020,10:50 PM,06.51,126.03,145,3.0,017km S 20Â° W of Governor Generoso (Davao Oriental)
06 July 2020,10:28 PM,09.36,126.12,032,3.3,012km N 38Â° W of Cortes (Surigao Del Sur)
06 July 2020,10:05 PM,14.05,120.42,106,2.7,022km S 83Â° W of Nasugbu (Batangas)
06 July 2020,10:04 PM,09.90,124.31,005,2.0,010km S 20Â° W of San Miguel (Bohol)
06 July 2020,08:49 PM,09.48,126.37,029,2.5,040km S 35Â° E of General Luna (Surigao Del Norte)
06 July 2020,06:22 PM,08.89,126.40,041,4.4,012km S 71Â° E of Cagwait (Surigao Del Sur)
06 July 2020,02:30 PM,08.38,122.54,020,2.8,032km N 26Â° W of Liloy (Zamboanga Del Norte)
06 July 2020,11:32 AM,05.93,125.33,093,3.2,007km S 45Â° E of Malapatan (Sarangani)
06 July 2020,11:32 AM,09.05,123.14,059,3.0,009km S 55Â° W of Zamboanguita (Negros Oriental)
06 July 2020,11:24 AM,07.34,127.14,146,3.2,063km N 89Â° E of Caraga (Davao Oriental)
06 July 2020,09:16 AM,19.65,120.50,096,2.3,109km N 68Â° W of Calayan (Cagayan)
06 July 2020,06:08 AM,16.94,120.27,027,1.8,015km N 53Â° W of Luna (La Union)
06 July 2020,05:06 AM,07.95,124.61,001,2.6,025km N 61Â° W of Pangantucan (Bukidnon)
06 July 2020,04:55 AM,09.05,125.78,027,2.0,022km S 90Â° E of Remedios Romualdez (Agusan Del Norte)
06 July 2020,04:26 AM,21.08,122.71,089,2.4,095km N 71Â° E of Itbayat (Batanes)
06 July 2020,03:20 AM,16.42,120.50,020,2.8,002km N 50Â° E of Baguio City
06 July 2020,03:20 AM,12.82,124.48,027,1.5,020km N 40Â° E of Biri (Northern Samar)
06 July 2020,03:15 AM,09.30,122.59,018,2.8,013km S 26Â° W of Basay (Negros Oriental)
06 July 2020,03:03 AM,15.10,123.08,001,2.2,088km N 61Â° E of Jomalig (Quezon)
06 July 2020,03:02 AM,17.92,120.58,023,1.9,008km S 55Â° E of Pinili (Ilocos Norte)
06 July 2020,02:51 AM,12.45,124.55,018,2.2,011km S 32Â° E of San Jose (Northern Samar)
06 July 2020,02:21 AM,18.96,120.80,027,2.3,043km N 01Â° E of Pagudpud (Ilocos Norte)
06 July 2020,01:54 AM,12.93,125.27,014,2.3,050km N 02Â° E of Mapanas (Northern Samar)
06 July 2020,01:46 AM,18.05,121.72,004,2.5,009km S 85Â° E of Gattaran (Cagayan)
06 July 2020,12:12 AM,12.25,121.04,033,2.9,012km S 12Â° W of San Jose (Occidental Mindoro)
05 July 2020,10:18 PM,12.49,124.30,040,1.6,002km S 37Â° E of Allen (Northern Samar)
05 July 2020,10:15 PM,12.54,124.30,044,2.0,005km N 27Â° E of Allen (Northern Samar)
05 July 2020,08:14 PM,12.49,124.47,033,2.4,005km S 38Â° W of San Jose (Northern Samar)
05 July 2020,08:08 PM,07.29,126.69,104,3.0,018km N 63Â° E of Manay (Davao Oriental)
05 July 2020,07:40 PM,13.44,124.31,028,2.0,018km S 29Â° E of Virac (Catanduanes)
05 July 2020,07:20 PM,17.37,120.78,025,2.0,007km S 62Â° W of Boliney (Abra)
05 July 2020,07:18 PM,06.20,125.03,033,2.5,005km S 49Â° W of Polomolok (South Cotabato)
05 July 2020,07:15 PM,05.83,126.76,006,3.2,118km S 40Â° E of Governor Generoso (Davao Oriental)
05 July 2020,06:57 PM,10.22,123.14,016,2.8,018km N 52Â° W of Guihulngan (Negros Oriental)
05 July 2020,06:38 PM,09.71,126.23,031,1.6,011km S 43Â° E of General Luna (Surigao Del Norte)
05 July 2020,05:56 PM,12.85,122.62,029,2.1,050km S 52Â° W of San Pascual (Masbate)
05 July 2020,05:44 PM,08.05,126.76,027,2.1,038km N 88Â° E of Lingig (Surigao Del Sur)
05 July 2020,05:32 PM,13.79,120.57,096,1.9,008km S 52Â° W of Calatagan (Batangas)
05 July 2020,05:27 PM,05.85,126.75,113,3.2,115km S 40Â° E of Governor Generoso (Davao Oriental)
05 July 2020,05:21 PM,09.47,126.30,018,2.1,024km N 29Â° E of Cortes (Surigao Del Sur)
05 July 2020,03:49 PM,14.13,120.35,075,2.1,045km N 43Â° W of Calatagan (Batangas)
05 July 2020,02:58 PM,13.06,125.31,013,4.0,063km N 31Â° E of Laoang (Northern Samar)
05 July 2020,02:14 PM,14.69,120.02,042,2.1,029km S 14Â° W of San Antonio (Zambales)
05 July 2020,01:57 PM,09.66,126.19,025,2.0,014km S 13Â° E of General Luna (Surigao Del Norte)
05 July 2020,01:34 PM,02.74,128.22,180,4.6,453km S 40Â° E of Jose Abad Santos (Davao Occidental)
05 July 2020,12:46 PM,12.67,123.59,034,2.3,024km N 26Â° E of Baleno (Masbate)
05 July 2020,12:19 PM,10.07,126.07,019,2.2,009km N 39Â° E of Santa Monica (Sapao) (Surigao Del Norte)
05 July 2020,11:39 AM,15.85,121.75,019,2.1,023km N 63Â° E of Baler (Aurora)
05 July 2020,11:12 AM,06.33,123.75,003,3.4,044km S 52Â° W of Kalamansig (Sultan Kudarat)
05 July 2020,11:05 AM,09.72,122.43,017,2.6,005km S 23Â° E of Sipalay City (Negros Occidental)
05 July 2020,10:44 AM,08.32,125.74,040,2.5,008km N 84Â° W of La Paz (Agusan Del Sur)
05 July 2020,10:32 AM,10.07,125.66,115,2.6,011km N 60Â° E of San Jose (Dinagat Islands)
05 July 2020,10:05 AM,14.81,122.12,013,1.7,017km S 77Â° E of Burdeos (Quezon)
05 July 2020,09:19 AM,13.64,120.46,030,2.5,024km S 68Â° E of Looc (Occidental Mindoro)
05 July 2020,08:39 AM,12.76,124.82,027,2.6,025km N 28Â° W of Pambujan (Northern Samar)
05 July 2020,07:39 AM,08.10,126.56,040,2.6,018km N 68Â° E of Lingig (Surigao Del Sur)
05 July 2020,07:07 AM,13.58,120.68,142,2.1,016km N 20Â° W of Abra De Ilog (Occidental Mindoro)
05 July 2020,05:50 AM,07.62,124.83,031,2.7,009km S 75Â° E of Wao (Lanao Del Sur)
05 July 2020,05:48 AM,17.80,120.43,033,2.3,012km N 04Â° E of Magsingal (Ilocos Sur)
05 July 2020,05:00 AM,09.23,125.64,012,2.6,010km S 62Â° E of Santiago (Agusan Del Norte)
05 July 2020,04:24 AM,06.99,125.89,026,2.2,022km S 61Â° E of Samal (Island Garden City Of Samal) (Davao Del Norte)
05 July 2020,04:21 AM,05.60,126.17,098,3.9,069km S 63Â° E of Jose Abad Santos (Davao Occidental)
05 July 2020,04:14 AM,13.68,120.63,098,2.2,017km S 01Â° E of Calatagan (Batangas)
05 July 2020,04:02 AM,17.65,120.71,023,2.3,000km N 71Â° E of Dolores (Abra)
05 July 2020,03:40 AM,06.48,125.32,029,2.2,014km S 11Â° W of Sulop (Davao Del Sur)
05 July 2020,03:28 AM,04.74,125.94,042,3.1,093km S 34Â° E of Sarangani (Davao Occidental)
05 July 2020,03:25 AM,07.13,127.01,014,2.8,053km S 81Â° E of Manay (Davao Oriental)
05 July 2020,03:01 AM,07.68,124.78,025,2.4,006km N 38Â° E of Wao (Lanao Del Sur)
05 July 2020,02:57 AM,09.32,126.39,026,2.8,023km N 79Â° E of Cortes (Surigao Del Sur)
05 July 2020,02:31 AM,07.67,126.04,034,2.1,004km  00 Â°est of Compostela (Davao De Oro)
05 July 2020,02:11 AM,06.42,125.14,032,2.0,024km N 66Â° E of Tupi (South Cotabato)
05 July 2020,01:16 AM,06.02,124.79,014,2.2,019km N 81Â° E of Kiamba (Sarangani)
05 July 2020,01:01 AM,13.70,120.67,097,2.1,015km S 15Â° E of Calatagan (Batangas)
05 July 2020,12:02 AM,18.31,120.76,028,2.0,015km S 77Â° E of Pasuquin (Ilocos Norte)
04 July 2020,11:36 PM,05.97,124.56,009,3.3,007km S 76Â° W of Kiamba (Sarangani)
04 July 2020,10:31 PM,17.68,120.55,022,2.2,011km S 80Â° W of Danglas (Abra)
04 July 2020,10:08 PM,12.26,124.53,073,2.1,013km S 67Â° W of Lope De Vega (Northern Samar)
04 July 2020,09:42 PM,05.59,126.79,024,3.1,134km S 76Â° E of Jose Abad Santos (Davao Occidental)
04 July 2020,09:28 PM,06.74,126.46,010,2.0,036km S 49Â° E of Mati City (Davao Oriental)
04 July 2020,09:20 PM,12.15,125.12,014,2.4,023km S 26Â° E of Las Navas (Northern Samar)
04 July 2020,09:20 PM,18.34,121.00,001,3.1,016km S 33Â° E of Adams (Ilocos Norte)
04 July 2020,08:40 PM,13.40,120.77,051,1.7,006km S 40Â° E of Abra De Ilog (Occidental Mindoro)
04 July 2020,07:43 PM,17.96,120.37,047,2.3,012km N 70Â° W of Badoc (Ilocos Norte)
04 July 2020,03:18 PM,13.40,120.71,008,2.4,006km S 28Â° W of Abra De Ilog (Occidental Mindoro)
04 July 2020,03:03 PM,05.92,124.61,006,2.1,008km S 07Â° W of Kiamba (Sarangani)
04 July 2020,12:55 PM,19.01,121.22,025,3.0,040km S 40Â° W of Calayan (Cagayan)
04 July 2020,12:36 PM,14.13,123.82,021,2.2,038km N 76Â° W of Pandan (Catanduanes)
04 July 2020,12:20 PM,12.43,120.79,001,2.6,020km S 81Â° W of Rizal (Occidental Mindoro)
04 July 2020,11:55 AM,07.99,124.61,001,2.3,022km N 13Â° W of Bumbaran (Lanao Del Sur)
04 July 2020,11:54 AM,10.20,125.94,020,2.0,023km N 29Â° W of Santa Monica (Sapao) (Surigao Del Norte)
04 July 2020,08:21 AM,13.91,120.49,078,2.2,018km N 60Â° W of Calatagan (Batangas)
04 July 2020,08:14 AM,10.09,125.98,028,1.4,010km N 37Â° W of Santa Monica (Sapao) (Surigao Del Norte)
04 July 2020,05:52 AM,16.04,119.63,018,2.1,020km S 65Â° W of Agno (Pangasinan)
04 July 2020,05:17 AM,09.25,121.23,032,4.3,142km S 66Â° W of Sipalay City (Negros Occidental)
04 July 2020,05:09 AM,07.70,127.32,003,2.7,085km N 81Â° E of Baganga (Davao Oriental)
04 July 2020,05:01 AM,07.25,126.24,001,2.4,015km S 61Â° E of Maragusan (San Mariano) (Davao De Oro)
04 July 2020,04:55 AM,08.82,126.52,028,3.3,025km N 85Â° E of Marihatag (Surigao Del Sur)
04 July 2020,04:25 AM,07.36,127.13,107,2.0,062km N 87Â° E of Caraga (Davao Oriental)
04 July 2020,03:16 AM,09.70,126.20,020,1.8,010km S 26Â° E of General Luna (Surigao Del Norte)
04 July 2020,02:32 AM,07.96,124.62,001,2.2,029km N 31Â° W of Kalilangan (Bukidnon)
04 July 2020,02:30 AM,06.28,126.79,033,2.5,089km S 63Â° E of Governor Generoso (Davao Oriental)
04 July 2020,02:23 AM,07.94,124.62,003,2.9,027km N 34Â° W of Kalilangan (Bukidnon)
04 July 2020,02:14 AM,06.84,124.96,007,2.2,015km S 86Â° E of Tulunan (Cotabato)
04 July 2020,01:50 AM,16.73,119.87,017,3.3,037km N 03Â° W of Bolinao (Pangasinan)
04 July 2020,01:49 AM,10.01,125.93,023,2.4,012km S 86Â° W of Santa Monica (Sapao) (Surigao Del Norte)
04 July 2020,01:47 AM,09.86,126.49,025,2.0,037km N 77Â° E of General Luna (Surigao Del Norte)
04 July 2020,01:45 AM,08.00,124.64,004,3.8,031km N 25Â° W of Kalilangan (Bukidnon)
04 July 2020,01:15 AM,07.94,124.62,001,2.3,027km N 34Â° W of Kalilangan (Bukidnon)
04 July 2020,12:19 AM,10.31,125.91,016,2.3,035km N 24Â° W of Santa Monica (Sapao) (Surigao Del Norte)
04 July 2020,12:05 AM,13.31,120.32,043,2.3,019km S 54Â° W of Paluan (Occidental Mindoro)
04 July 2020,12:01 AM,09.02,126.91,002,3.1,072km N 70Â° E of Marihatag (Surigao Del Sur)
03 July 2020,11:52 PM,07.94,124.61,001,2.6,027km N 36Â° W of Kalilangan (Bukidnon)
03 July 2020,11:42 PM,10.07,125.97,030,2.5,009km N 52Â° W of Santa Monica (Sapao) (Surigao Del Norte)
03 July 2020,11:40 PM,09.97,126.11,032,2.0,004km N 33Â° E of San Isidro (Surigao Del Norte)
03 July 2020,11:34 PM,10.21,125.84,013,2.3,030km N 47Â° W of Santa Monica (Sapao) (Surigao Del Norte)
03 July 2020,11:00 PM,07.91,124.62,001,2.6,024km N 39Â° W of Kalilangan (Bukidnon)
03 July 2020,10:57 PM,05.81,126.27,155,3.1,073km S 83Â° E of Jose Abad Santos (Davao Occidental)
03 July 2020,10:42 PM,07.88,124.61,005,3.7,022km N 46Â° W of Kalilangan (Bukidnon)
03 July 2020,10:37 PM,07.93,124.60,001,2.6,028km N 39Â° W of Kalilangan (Bukidnon)
03 July 2020,10:35 PM,07.91,124.63,002,2.7,023km N 37Â° W of Kalilangan (Bukidnon)
03 July 2020,10:23 PM,07.97,124.62,005,3.4,029km N 30Â° W of Kalilangan (Bukidnon)
03 July 2020,10:03 PM,13.66,120.59,101,1.6,019km S 16Â° W of Calatagan (Batangas)
03 July 2020,09:49 PM,05.71,126.82,006,3.4,151km S 37Â° E of Governor Generoso (Davao Oriental)
03 July 2020,09:41 PM,08.69,122.70,018,2.7,044km N 55Â° W of Jose Dalman (Ponot) (Zamboanga Del Norte)
03 July 2020,09:40 PM,14.60,123.14,085,2.0,051km N 47Â° E of Paracale (Camarines Norte)
03 July 2020,09:27 PM,14.86,118.56,112,2.1,158km S 66Â° W of Palauig (Zambales)
03 July 2020,09:19 PM,07.62,124.32,001,2.3,013km N 34Â° E of Matanog (Maguindanao)
03 July 2020,09:13 PM,08.69,122.62,024,2.6,051km N 61Â° W of Jose Dalman (Ponot) (Zamboanga Del Norte)
03 July 2020,09:02 PM,09.29,126.16,033,2.2,005km N 63Â° W of Cortes (Surigao Del Sur)
03 July 2020,07:47 PM,08.67,126.53,018,2.0,029km S 61Â° E of Marihatag (Surigao Del Sur)
03 July 2020,07:11 PM,13.11,120.34,006,2.6,036km S 22Â° W of Paluan (Occidental Mindoro)
03 July 2020,06:30 PM,05.01,126.55,014,3.1,142km S 47Â° E of Jose Abad Santos (Davao Occidental)
03 July 2020,05:10 PM,08.44,126.73,014,3.2,044km N 80Â° E of Hinatuan (Surigao Del Sur)
03 July 2020,04:15 PM,07.10,126.95,014,2.7,047km S 75Â° E of Manay (Davao Oriental)
03 July 2020,02:57 PM,06.55,125.08,030,2.2,014km N 90Â° E of Lutayan (Sultan Kudarat)
03 July 2020,02:26 PM,14.81,120.02,033,2.5,017km S 26Â° W of San Antonio (Zambales)
03 July 2020,01:38 PM,13.56,120.56,101,2.2,022km N 57Â° W of Abra De Ilog (Occidental Mindoro)
03 July 2020,10:32 AM,04.38,127.06,003,3.9,211km S 56Â° E of Sarangani (Davao Occidental)
03 July 2020,10:24 AM,09.80,125.49,033,2.3,001km N 05Â° W of Surigao City (Surigao Del Norte)
03 July 2020,07:38 AM,09.36,126.10,023,2.1,014km N 48Â° W of Cortes (Surigao Del Sur)
03 July 2020,07:36 AM,16.72,120.17,034,2.0,020km N 54Â° W of San Fernando(Capital) (La Union)
03 July 2020,07:31 AM,15.73,119.40,017,2.8,060km S 45Â° W of Agno (Pangasinan)
03 July 2020,07:25 AM,15.68,119.17,020,3.3,082km S 54Â° W of Agno (Pangasinan)
03 July 2020,07:18 AM,15.62,119.28,018,2.9,078km S 45Â° W of Agno (Pangasinan)
03 July 2020,07:09 AM,12.04,125.46,044,2.9,003km  00 Â°est of Dolores (Eastern Samar)
03 July 2020,07:05 AM,08.98,125.74,032,2.0,019km S 64Â° E of Remedios Romualdez (Agusan Del Norte)
03 July 2020,06:27 AM,08.76,126.19,020,1.7,013km S 68Â° W of Marihatag (Surigao Del Sur)
03 July 2020,06:22 AM,13.98,120.54,091,2.1,020km N 33Â° W of Calatagan (Batangas)
03 July 2020,06:00 AM,15.67,119.26,015,2.8,076km S 49Â° W of Agno (Pangasinan)
03 July 2020,05:57 AM,07.80,127.21,019,2.9,075km N 71Â° E of Baganga (Davao Oriental)
03 July 2020,05:36 AM,08.89,125.75,040,2.3,020km N 01Â° E of Bayugan City (Agusan Del Sur)
03 July 2020,04:59 AM,09.86,122.38,033,1.7,011km N 18Â° W of Sipalay City (Negros Occidental)
03 July 2020,04:57 AM,10.09,125.34,021,3.0,019km N 33Â° E of Pintuyan (Southern Leyte)
03 July 2020,04:52 AM,09.87,122.37,036,2.0,013km N 20Â° W of Sipalay City (Negros Occidental)
03 July 2020,04:32 AM,15.53,119.87,032,2.0,009km S 84Â° W of Masinloc (Zambales)
03 July 2020,03:35 AM,06.87,124.97,010,2.0,016km N 84Â° E of Tulunan (Cotabato)
03 July 2020,03:00 AM,04.92,126.47,036,4.8,142km S 42Â° E of Jose Abad Santos (Davao Occidental)
03 July 2020,02:50 AM,09.26,126.53,008,2.8,037km S 88Â° E of Cortes (Surigao Del Sur)
03 July 2020,02:45 AM,06.09,125.67,123,2.2,024km N 16Â° E of Jose Abad Santos (Davao Occidental)
03 July 2020,02:22 AM,16.21,119.80,035,2.0,010km N 08Â° E of Agno (Pangasinan)
03 July 2020,01:34 AM,21.45,120.10,005,3.3,221km N 57Â° W of Sabtang (Batanes)
03 July 2020,12:58 AM,15.11,120.22,103,2.2,017km N 69Â° E of San Felipe (Zambales)
03 July 2020,12:49 AM,07.51,126.68,048,2.9,015km S 61Â° E of Baganga (Davao Oriental)
02 July 2020,10:44 PM,05.19,125.86,075,3.4,050km S 58Â° E of Sarangani (Davao Occidental)
02 July 2020,10:33 PM,13.72,120.56,094,1.7,014km S 32Â° W of Calatagan (Batangas)
02 July 2020,09:41 PM,08.05,126.23,008,3.3,020km S 30Â° W of Bislig City (Surigao Del Sur)
02 July 2020,09:33 PM,06.93,126.28,028,2.4,007km S 70Â° E of Mati City (Davao Oriental)
02 July 2020,09:13 PM,16.97,121.53,034,2.2,011km S 79Â° W of Aurora (Isabela)
02 July 2020,09:12 PM,15.06,121.77,034,3.1,032km N 42Â° W of Burdeos (Quezon)
02 July 2020,08:54 PM,06.41,126.11,121,2.8,027km S 09Â° E of Governor Generoso (Davao Oriental)
02 July 2020,08:08 PM,09.65,126.26,024,1.8,019km S 37Â° E of General Luna (Surigao Del Norte)
02 July 2020,06:57 PM,06.68,124.60,033,2.2,006km N 13Â° E of Isulan (Sultan Kudarat)
02 July 2020,06:48 PM,08.22,126.19,028,2.4,014km N 85Â° W of Bislig City (Surigao Del Sur)
02 July 2020,05:15 PM,05.76,125.52,191,3.3,017km S 37Â° W of Jose Abad Santos (Davao Occidental)
02 July 2020,05:09 PM,10.26,126.31,010,3.3,037km N 43Â° E of Burgos (Surigao Del Norte)
02 July 2020,04:57 PM,12.67,124.36,033,1.8,001km S 21Â° E of Biri (Northern Samar)
02 July 2020,04:29 PM,08.59,126.84,001,2.6,062km N 66Â° E of Hinatuan (Surigao Del Sur)
02 July 2020,04:20 PM,09.64,126.00,036,1.8,023km S 48Â° W of General Luna (Surigao Del Norte)
02 July 2020,03:20 PM,10.07,125.30,009,2.8,015km N 22Â° E of Pintuyan (Southern Leyte)
02 July 2020,03:10 PM,06.78,124.98,019,2.4,005km S 54Â° E of Columbio (Sultan Kudarat)
02 July 2020,02:43 PM,10.39,126.46,001,3.1,059km N 46Â° E of Burgos (Surigao Del Norte)
02 July 2020,02:29 PM,13.72,120.58,112,2.3,013km S 24Â° W of Calatagan (Batangas)
02 July 2020,12:40 PM,09.65,126.24,027,2.3,017km S 32Â° E of General Luna (Surigao Del Norte)
02 July 2020,11:26 AM,05.38,126.63,72,2.4,126km S 64Â° E of Jose Abad Santos (Davao Occidental)
02 July 2020,11:15 AM,05.17,125.38,203,2.5,031km S 20Â° W of Sarangani (Davao Occidental)
02 July 2020,09:55 AM,09.00,126.31,110,2.5,005km N 50Â° E of Bayabas (Surigao Del Sur)
02 July 2020,09:44 AM,06.43,125.16,027,2.0,021km N 30Â° W of Malungon (Sarangani)
02 July 2020,07:49 AM,09.02,126.50,028,2.5,024km N 64Â° E of Cagwait (Surigao Del Sur)
02 July 2020,07:13 AM,07.76,126.51,022,2.0,007km S 57Â° E of Cateel (Davao Oriental)
02 July 2020,04:27 AM,08.16,125.99,014,3.1,011km N 25Â° E of Veruela (Agusan Del Sur)
02 July 2020,02:52 AM,08.86,126.45,030,2.1,017km S 69Â° E of Cagwait (Surigao Del Sur)
02 July 2020,02:34 AM,04.43,125.95,139,3.3,123km S 25Â° E of Sarangani (Davao Occidental)
02 July 2020,02:25 AM,10.09,122.42,007,1.6,036km N 01Â° E of Sipalay City (Negros Occidental)
02 July 2020,01:35 AM,13.78,120.95,047,2.2,004km N 24Â° E of Mabini (Batangas)
02 July 2020,12:56 AM,15.37,120.35,137,3.2,025km N 69Â° W of Bamban (Tarlac)
02 July 2020,12:42 AM,16.74,120.47,033,2.6,004km S 30Â° E of Santol (La Union)
02 July 2020,12:23 AM,02.21,126.70,033,4.4,381km S 21Â° E of Sarangani (Davao Occidental)
02 July 2020,12:22 AM,19.10,122.21,035,2.5,072km N 06Â° E of Santa Ana (Cagayan)
02 July 2020,12:21 AM,08.50,122.19,033,3.0,060km N 37Â° W of Labason (Zamboanga Del Norte)
01 July 2020,11:54 PM,17.25,120.63,018,2.9,006km N 78Â° E of San Emilio (Ilocos Sur)
01 July 2020,11:36 PM,06.36,126.73,036,2.8,079km S 66Â° E of Governor Generoso (Davao Oriental)
01 July 2020,11:29 PM,16.21,122.31,030,2.0,021km S 70Â° E of Casiguran (Aurora)
01 July 2020,10:30 PM,09.91,122.10,017,2.9,038km N 64Â° W of Sipalay City (Negros Occidental)
01 July 2020,10:29 PM,13.26,120.83,054,2.2,023km N 29Â° E of Santa Cruz (Occidental Mindoro)
01 July 2020,10:20 PM,17.18,120.58,009,2.3,006km SouthÂ° 00  of San Emilio (Ilocos Sur)
01 July 2020,09:29 PM,17.01,122.40,011,2.3,007km S 39Â° W of Palanan (Isabela)
01 July 2020,08:56 PM,10.12,126.09,013,1.7,011km N 10Â° E of Burgos (Surigao Del Norte)
01 July 2020,08:54 PM,10.11,126.03,020,2.2,011km N 23Â° W of Burgos (Surigao Del Norte)
01 July 2020,08:42 PM,15.16,119.85,029,2.0,026km N 64Â° W of San Felipe (Zambales)
01 July 2020,08:42 PM,05.79,126.04,145,2.5,096km S 02Â° W of Governor Generoso (Davao Oriental)
01 July 2020,08:34 PM,08.11,125.99,032,1.7,006km N 48Â° E of Veruela (Agusan Del Sur)
01 July 2020,07:45 PM,09.97,125.29,001,3.3,006km N 62Â° E of Pintuyan (Southern Leyte)
01 July 2020,06:56 PM,09.69,123.56,017,2.6,008km S 23Â° E of Dalaguete (Cebu)
01 July 2020,06:38 PM,13.87,120.48,088,2.8,017km N 75Â° W of Calatagan (Batangas)
01 July 2020,06:24 PM,13.70,120.93,011,2.4,006km S 10Â° W of Mabini (Batangas)
01 July 2020,04:27 PM,10.62,124.52,004,2.2,006km S 71Â° E of Tudela (Cebu)
01 July 2020,12:03 PM,11.15,122.69,033,2.3,007km N 50Â° E of Passi City (Iloilo)
01 July 2020,11:13 AM,14.12,120.35,111,1.6,029km N 81Â° W of Nasugbu (Batangas)
01 July 2020,11:01 AM,06.02,126.15,128,2.2,054km S 69Â° E of Don Marcelino (Davao Occidental)
01 July 2020,09:19 AM,15.25,124.29,075,2.8,133km N 06Â° E of Pandan (Catanduanes)
01 July 2020,04:55 AM,09.95,123.57,006,3.4,008km N 21Â° W of Argao (Cebu)
01 July 2020,04:54 AM,17.48,120.42,015,2.6,001km S 62Â° W of Santa (Ilocos Sur)
01 July 2020,03:44 AM,19.78,121.31,015,2.8,058km N 17Â° W of Calayan (Cagayan)
01 July 2020,02:37 AM,10.38,126.34,014,1.8,049km N 37Â° E of Burgos (Surigao Del Norte)
01 July 2020,02:14 AM,08.37,123.63,021,1.8,022km S 62Â° E of La Libertad (Zamboanga Del Norte)
01 July 2020,01:00 AM,12.30,125.85,001,3.1,040km N 71Â° E of San Policarpo (Eastern Samar)
01 July 2020,12:30 AM,18.99,122.11,033,2.0,060km N 03Â° W of Santa Ana (Cagayan)
01 July 2020,12:05 AM,08.38,126.89,004,1.7,061km N 89Â° E of Hinatuan (Surigao Del Sur)
